-- phpMyAdmin SQL Dump
-- version 5.1.1
-- https://www.phpmyadmin.net/
--
-- Servidor: 127.0.0.1:3307
-- Tiempo de generación: 13-12-2021 a las 15:16:20
-- Versión del servidor: 10.4.19-MariaDB
-- Versión de PHP: 8.0.7

SET SQL_MODE = "NO_AUTO_VALUE_ON_ZERO";
START TRANSACTION;
SET time_zone = "+00:00";


/*!40101 SET @OLD_CHARACTER_SET_CLIENT=@@CHARACTER_SET_CLIENT */;
/*!40101 SET @OLD_CHARACTER_SET_RESULTS=@@CHARACTER_SET_RESULTS */;
/*!40101 SET @OLD_COLLATION_CONNECTION=@@COLLATION_CONNECTION */;
/*!40101 SET NAMES utf8mb4 */;

--
-- Base de datos: `tpdisenosistemas`
--

-- --------------------------------------------------------

--
-- Estructura de tabla para la tabla `bar`
--

CREATE TABLE `bar` (
  `idServicio` int(11) NOT NULL,
  `idItemBar` int(11) NOT NULL
) ENGINE=InnoDB DEFAULT CHARSET=latin1;

--
-- Volcado de datos para la tabla `bar`
--

INSERT INTO `bar` (`idServicio`, `idItemBar`) VALUES
(13, 1),
(14, 2),
(15, 3),
(17, 4),
(18, 5),
(19, 6),
(20, 7),
(21, 8),
(22, 9),
(23, 10),
(24, 11),
(25, 12),
(26, 13),
(27, 14),
(28, 15),
(29, 16),
(30, 17);

-- --------------------------------------------------------

--
-- Estructura de tabla para la tabla `direccion`
--

CREATE TABLE `direccion` (
  `idDireccion` int(11) NOT NULL,
  `idLocalidad` int(11) NOT NULL,
  `calle` varchar(50) NOT NULL,
  `numero` int(11) NOT NULL,
  `departamento` varchar(15) NOT NULL,
  `codigoPostal` int(5) NOT NULL
) ENGINE=InnoDB DEFAULT CHARSET=latin1;

--
-- Volcado de datos para la tabla `direccion`
--

INSERT INTO `direccion` (`idDireccion`, `idLocalidad`, `calle`, `numero`, `departamento`, `codigoPostal`) VALUES
(52, 39, 'Castelli', 1621, '', 3000),
(53, 33, 'Bahamas Street', 3456, '1a', 3410),
(54, 41, 'Chacabuco ', 1234, '', 3001),
(55, 42, '3 de febrero', 345, '2B', 2000),
(56, 43, 'Castelli', 1621, '', 123),
(58, 4358, 'San martin', 123, '', 123),
(59, 6161, 'Australia Street', 123, '', 4567),
(60, 5018, 'Bangladesh Street', 4563, '', 345),
(61, 5054, 'Gambia St', 76544, '', 345),
(62, 4388, 'Gerni', 345, '', 2345),
(63, 4747, 'Retari', 76, '', 432),
(64, 5218, 'Almagro', 123, '', 123),
(65, 5059, 'Burma', 3214, '', 1234),
(66, 4381, 'Guada', 234, '', 324),
(67, 5957, 'Colon', 213, '', 123),
(68, 4748, 'Morocco', 234, '', 2345),
(69, 39, '1ero de mayo', 3452, '2B', 3000),
(70, 1230, '24 de septiembre', 961, '', 3109),
(71, 1222, 'Francisco Ramirez', 575, '', 3108),
(72, 1230, 'Av. San Martin', 1456, '', 3109),
(73, 1885, 'Pedro Vittori', 3537, '17D', 2000),
(74, 309, 'Rivadavia', 2458, '8C', 1416),
(75, 1230, 'Mendoza', 274, '', 3109),
(76, 443, 'Pasto', 4563, '', 2345),
(77, 442, 'Rio', 234, '', 345),
(78, 4658, 'Esto', 234, '', 543),
(79, 5770, 'Feroe', 65434, '2A', 435),
(80, 5926, 'Chiapas', 765, '10C', 3200),
(81, 5771, 'Pape', 7745, '', 356),
(82, 374, 'Solari', 564, '', 23452),
(83, 2252, 'Selva', 6743, '', 2345),
(84, 4765, 'Aisne', 435, '', 2654),
(85, 489, 'ertwe', 345, '', 2345),
(86, 5487, 'Berovo', 342, '', 235),
(87, 4741, 'Mongo', 4352, '3C', 345),
(88, 424, 'Bermejo', 432, '', 9863),
(89, 1757, 'Balde', 543, '', 345),
(90, 6159, 'Castelli', 123, '', 123),
(91, 284, 'dsfwe', 234, '', 1234);

-- --------------------------------------------------------

--
-- Estructura de tabla para la tabla `estadia`
--

CREATE TABLE `estadia` (
  `id` int(11) NOT NULL,
  `idHabitacion` int(11) NOT NULL,
  `fechaIngreso` date NOT NULL,
  `horaIngreso` time NOT NULL,
  `fechaEgreso` date NOT NULL,
  `horaEgreso` time NOT NULL
) ENGINE=InnoDB DEFAULT CHARSET=latin1;

--
-- Volcado de datos para la tabla `estadia`
--

INSERT INTO `estadia` (`id`, `idHabitacion`, `fechaIngreso`, `horaIngreso`, `fechaEgreso`, `horaEgreso`) VALUES
(1, 1, '2021-11-03', '08:00:00', '2021-11-05', '08:00:00'),
(2, 4, '2021-11-04', '08:00:00', '2021-11-05', '09:00:00'),
(3, 1, '2021-11-05', '10:00:00', '2021-11-14', '10:00:00'),
(4, 9, '2021-10-29', '08:00:00', '2021-11-08', '08:00:00'),
(8, 7, '2021-11-01', '12:00:00', '2021-11-06', '10:00:00'),
(9, 3, '2021-11-13', '12:00:00', '2021-11-15', '10:00:00'),
(10, 5, '2021-11-07', '12:00:00', '2021-11-08', '10:00:00'),
(11, 7, '2021-11-10', '12:00:00', '2021-11-10', '10:00:00'),
(12, 3, '2021-11-02', '12:00:00', '2021-11-02', '10:00:00'),
(13, 5, '2021-11-13', '12:00:00', '2021-11-14', '10:00:00'),
(14, 9, '2021-11-10', '12:00:00', '2021-11-10', '10:00:00'),
(15, 7, '2021-11-17', '12:00:00', '2021-11-18', '10:00:00'),
(16, 3, '2021-11-09', '12:00:00', '2021-11-09', '10:00:00'),
(17, 3, '2021-11-10', '12:00:00', '2021-11-10', '10:00:00'),
(18, 2, '2021-11-15', '12:00:00', '2021-11-17', '10:00:00'),
(19, 3, '2021-11-11', '12:00:00', '2021-11-11', '10:00:00'),
(20, 2, '2021-11-01', '12:00:00', '2021-11-02', '10:00:00'),
(21, 4, '2021-12-12', '12:00:00', '2021-12-13', '10:00:00'),
(22, 4, '2021-12-06', '12:00:00', '2021-12-06', '10:00:00'),
(23, 41, '2021-12-06', '12:00:00', '2021-12-07', '10:00:00'),
(24, 3, '2021-11-09', '12:00:00', '2021-11-09', '10:00:00'),
(25, 15, '2021-12-15', '12:00:00', '2021-12-18', '10:00:00'),
(26, 6, '2021-12-04', '12:00:00', '2021-12-06', '10:00:00'),
(27, 11, '2021-12-18', '12:00:00', '2021-12-20', '10:00:00'),
(28, 18, '2021-12-10', '12:00:00', '2021-12-14', '10:00:00');

-- --------------------------------------------------------

--
-- Estructura de tabla para la tabla `estado`
--

CREATE TABLE `estado` (
  `id` int(11) NOT NULL,
  `ubicacionpaisid` int(11) DEFAULT NULL,
  `estadonombre` varchar(255) CHARACTER SET utf8 COLLATE utf8_unicode_ci NOT NULL
) ENGINE=InnoDB DEFAULT CHARSET=latin1;

--
-- Volcado de datos para la tabla `estado`
--

INSERT INTO `estado` (`id`, `ubicacionpaisid`, `estadonombre`) VALUES
(1, 3, 'Azerbaijan'),
(2, 3, 'Nargorni Karabakh'),
(3, 3, 'Nakhichevanskaya Region'),
(4, 4, 'Anguilla'),
(5, 7, 'Brestskaya obl.'),
(6, 7, 'Vitebskaya obl.'),
(7, 7, 'Gomelskaya obl.'),
(8, 7, 'Grodnenskaya obl.'),
(9, 7, 'Minskaya obl.'),
(10, 7, 'Mogilevskaya obl.'),
(11, 8, 'Belize'),
(12, 10, 'Hamilton'),
(13, 15, 'Dong Bang Song Cuu Long'),
(14, 15, 'Dong Bang Song Hong'),
(15, 15, 'Dong Nam Bo'),
(16, 15, 'Duyen Hai Mien Trung'),
(17, 15, 'Khu Bon Cu'),
(18, 15, 'Mien Nui Va Trung Du'),
(19, 15, 'Thai Nguyen'),
(20, 16, 'Artibonite'),
(21, 16, 'Grand&#039;Anse'),
(22, 16, 'North West'),
(23, 16, 'West'),
(24, 16, 'South'),
(25, 16, 'South East'),
(26, 17, 'Grande-Terre'),
(27, 17, 'Basse-Terre'),
(28, 21, 'Abkhazia'),
(29, 21, 'Ajaria'),
(30, 21, 'Georgia'),
(31, 21, 'South Ossetia'),
(32, 23, 'Al QÄhira'),
(33, 23, 'Aswan'),
(34, 23, 'Asyut'),
(35, 23, 'Beni Suef'),
(36, 23, 'Gharbia'),
(37, 23, 'Damietta'),
(38, 24, 'Southern District'),
(39, 24, 'Central District'),
(40, 24, 'Northern District'),
(41, 24, 'Haifa'),
(42, 24, 'Tel Aviv'),
(43, 24, 'Jerusalem'),
(44, 25, 'Bangala'),
(45, 25, 'Chhattisgarh'),
(46, 25, 'Karnataka'),
(47, 25, 'Uttaranchal'),
(48, 25, 'Andhara Pradesh'),
(49, 25, 'Assam'),
(50, 25, 'Bihar'),
(51, 25, 'Gujarat'),
(52, 25, 'Jammu and Kashmir'),
(53, 25, 'Kerala'),
(54, 25, 'Madhya Pradesh'),
(55, 25, 'Manipur'),
(56, 25, 'Maharashtra'),
(57, 25, 'Megahalaya'),
(58, 25, 'Orissa'),
(59, 25, 'Punjab'),
(60, 25, 'Pondisheri'),
(61, 25, 'Rajasthan'),
(62, 25, 'Tamil Nadu'),
(63, 25, 'Tripura'),
(64, 25, 'Uttar Pradesh'),
(65, 25, 'Haryana'),
(66, 25, 'Chandigarh'),
(67, 26, 'Azarbayjan-e Khavari'),
(68, 26, 'Esfahan'),
(69, 26, 'Hamadan'),
(70, 26, 'Kordestan'),
(71, 26, 'Markazi'),
(72, 26, 'Sistan-e Baluches'),
(73, 26, 'Yazd'),
(74, 26, 'Kerman'),
(75, 26, 'Kermanshakhan'),
(76, 26, 'Mazenderan'),
(77, 26, 'Tehran'),
(78, 26, 'Fars'),
(79, 26, 'Horasan'),
(80, 26, 'Husistan'),
(81, 30, 'Aktyubinskaya obl.'),
(82, 30, 'Alma-Atinskaya obl.'),
(83, 30, 'Vostochno-Kazahstanskaya obl.'),
(84, 30, 'Gurevskaya obl.'),
(85, 30, 'Zhambylskaya obl. (Dzhambulskaya obl.)'),
(86, 30, 'Dzhezkazganskaya obl.'),
(87, 30, 'Karagandinskaya obl.'),
(88, 30, 'Kzyl-Ordinskaya obl.'),
(89, 30, 'Kokchetavskaya obl.'),
(90, 30, 'Kustanaiskaya obl.'),
(91, 30, 'Mangystauskaya (Mangyshlakskaya obl.)'),
(92, 30, 'Pavlodarskaya obl.'),
(93, 30, 'Severo-Kazahstanskaya obl.'),
(94, 30, 'Taldy-Kurganskaya obl.'),
(95, 30, 'Turgaiskaya obl.'),
(96, 30, 'Akmolinskaya obl. (Tselinogradskaya obl.)'),
(97, 30, 'Chimkentskaya obl.'),
(98, 31, 'Littoral'),
(99, 31, 'Southwest Region'),
(100, 31, 'North'),
(101, 31, 'Central'),
(102, 33, 'Government controlled area'),
(103, 33, 'Turkish controlled area'),
(104, 34, 'Issik Kulskaya Region'),
(105, 34, 'Kyrgyzstan'),
(106, 34, 'Narinskaya Region'),
(107, 34, 'Oshskaya Region'),
(108, 34, 'Tallaskaya Region'),
(109, 37, 'al-Jahra'),
(110, 37, 'al-Kuwait'),
(111, 38, 'Latviya'),
(112, 39, 'Tarabulus'),
(113, 39, 'Bengasi'),
(114, 40, 'Litva'),
(115, 43, 'Moldova'),
(116, 45, 'Auckland'),
(117, 45, 'Bay of Plenty'),
(118, 45, 'Canterbury'),
(119, 45, 'Gisborne'),
(120, 45, 'Hawke&#039;s Bay'),
(121, 45, 'Manawatu-Wanganui'),
(122, 45, 'Marlborough'),
(123, 45, 'Nelson'),
(124, 45, 'Northland'),
(125, 45, 'Otago'),
(126, 45, 'Southland'),
(127, 45, 'Taranaki'),
(128, 45, 'Tasman'),
(129, 45, 'Waikato'),
(130, 45, 'Wellington'),
(131, 45, 'West Coast'),
(132, 49, 'Saint-Denis'),
(133, 50, 'Altaiskii krai'),
(134, 50, 'Amurskaya obl.'),
(135, 50, 'Arhangelskaya obl.'),
(136, 50, 'Astrahanskaya obl.'),
(137, 50, 'Bashkiriya obl.'),
(138, 50, 'Belgorodskaya obl.'),
(139, 50, 'Bryanskaya obl.'),
(140, 50, 'Buryatiya'),
(141, 50, 'Vladimirskaya obl.'),
(142, 50, 'Volgogradskaya obl.'),
(143, 50, 'Vologodskaya obl.'),
(144, 50, 'Voronezhskaya obl.'),
(145, 50, 'Nizhegorodskaya obl.'),
(146, 50, 'Dagestan'),
(147, 50, 'Evreiskaya obl.'),
(148, 50, 'Ivanovskaya obl.'),
(149, 50, 'Irkutskaya obl.'),
(150, 50, 'Kabardino-Balkariya'),
(151, 50, 'Kaliningradskaya obl.'),
(152, 50, 'Tverskaya obl.'),
(153, 50, 'Kalmykiya'),
(154, 50, 'Kaluzhskaya obl.'),
(155, 50, 'Kamchatskaya obl.'),
(156, 50, 'Kareliya'),
(157, 50, 'Kemerovskaya obl.'),
(158, 50, 'Kirovskaya obl.'),
(159, 50, 'Komi'),
(160, 50, 'Kostromskaya obl.'),
(161, 50, 'Krasnodarskii krai'),
(162, 50, 'Krasnoyarskii krai'),
(163, 50, 'Kurganskaya obl.'),
(164, 50, 'Kurskaya obl.'),
(165, 50, 'Lipetskaya obl.'),
(166, 50, 'Magadanskaya obl.'),
(167, 50, 'Marii El'),
(168, 50, 'Mordoviya'),
(169, 50, 'Moscow &amp; Moscow Region'),
(170, 50, 'Murmanskaya obl.'),
(171, 50, 'Novgorodskaya obl.'),
(172, 50, 'Novosibirskaya obl.'),
(173, 50, 'Omskaya obl.'),
(174, 50, 'Orenburgskaya obl.'),
(175, 50, 'Orlovskaya obl.'),
(176, 50, 'Penzenskaya obl.'),
(177, 50, 'Permskiy krai'),
(178, 50, 'Primorskii krai'),
(179, 50, 'Pskovskaya obl.'),
(180, 50, 'Rostovskaya obl.'),
(181, 50, 'Ryazanskaya obl.'),
(182, 50, 'Samarskaya obl.'),
(183, 50, 'Saint-Petersburg and Region'),
(184, 50, 'Saratovskaya obl.'),
(185, 50, 'Saha (Yakutiya)'),
(186, 50, 'Sahalin'),
(187, 50, 'Sverdlovskaya obl.'),
(188, 50, 'Severnaya Osetiya'),
(189, 50, 'Smolenskaya obl.'),
(190, 50, 'Stavropolskii krai'),
(191, 50, 'Tambovskaya obl.'),
(192, 50, 'Tatarstan'),
(193, 50, 'Tomskaya obl.'),
(195, 50, 'Tulskaya obl.'),
(196, 50, 'Tyumenskaya obl. i Hanty-Mansiiskii AO'),
(197, 50, 'Udmurtiya'),
(198, 50, 'Ulyanovskaya obl.'),
(199, 50, 'Uralskaya obl.'),
(200, 50, 'Habarovskii krai'),
(201, 50, 'Chelyabinskaya obl.'),
(202, 50, 'Checheno-Ingushetiya'),
(203, 50, 'Chitinskaya obl.'),
(204, 50, 'Chuvashiya'),
(205, 50, 'Yaroslavskaya obl.'),
(206, 51, 'Ahuachapán'),
(207, 51, 'Cuscatlán'),
(208, 51, 'La Libertad'),
(209, 51, 'La Paz'),
(210, 51, 'La Unión'),
(211, 51, 'San Miguel'),
(212, 51, 'San Salvador'),
(213, 51, 'Santa Ana'),
(214, 51, 'Sonsonate'),
(215, 54, 'Paramaribo'),
(216, 56, 'Gorno-Badakhshan Region'),
(217, 56, 'Kuljabsk Region'),
(218, 56, 'Kurgan-Tjube Region'),
(219, 56, 'Sughd Region'),
(220, 56, 'Tajikistan'),
(221, 57, 'Ashgabat Region'),
(222, 57, 'Krasnovodsk Region'),
(223, 57, 'Mary Region'),
(224, 57, 'Tashauz Region'),
(225, 57, 'Chardzhou Region'),
(226, 58, 'Grand Turk'),
(227, 59, 'Bartin'),
(228, 59, 'Bayburt'),
(229, 59, 'Karabuk'),
(230, 59, 'Adana'),
(231, 59, 'Aydin'),
(232, 59, 'Amasya'),
(233, 59, 'Ankara'),
(234, 59, 'Antalya'),
(235, 59, 'Artvin'),
(236, 59, 'Afion'),
(237, 59, 'Balikesir'),
(238, 59, 'Bilecik'),
(239, 59, 'Bursa'),
(240, 59, 'Gaziantep'),
(241, 59, 'Denizli'),
(242, 59, 'Izmir'),
(243, 59, 'Isparta'),
(244, 59, 'Icel'),
(245, 59, 'Kayseri'),
(246, 59, 'Kars'),
(247, 59, 'Kodjaeli'),
(248, 59, 'Konya'),
(249, 59, 'Kirklareli'),
(250, 59, 'Kutahya'),
(251, 59, 'Malatya'),
(252, 59, 'Manisa'),
(253, 59, 'Sakarya'),
(254, 59, 'Samsun'),
(255, 59, 'Sivas'),
(256, 59, 'Istanbul'),
(257, 59, 'Trabzon'),
(258, 59, 'Corum'),
(259, 59, 'Edirne'),
(260, 59, 'Elazig'),
(261, 59, 'Erzincan'),
(262, 59, 'Erzurum'),
(263, 59, 'Eskisehir'),
(264, 60, 'Jinja'),
(265, 60, 'Kampala'),
(266, 61, 'Andijon Region'),
(267, 61, 'Buxoro Region'),
(268, 61, 'Jizzac Region'),
(269, 61, 'Qaraqalpaqstan'),
(270, 61, 'Qashqadaryo Region'),
(271, 61, 'Navoiy Region'),
(272, 61, 'Namangan Region'),
(273, 61, 'Samarqand Region'),
(274, 61, 'Surxondaryo Region'),
(275, 61, 'Sirdaryo Region'),
(276, 61, 'Tashkent Region'),
(277, 61, 'Fergana Region'),
(278, 61, 'Xorazm Region'),
(279, 62, 'Vinnitskaya obl.'),
(280, 62, 'Volynskaya obl.'),
(281, 62, 'Dnepropetrovskaya obl.'),
(282, 62, 'Donetskaya obl.'),
(283, 62, 'Zhitomirskaya obl.'),
(284, 62, 'Zakarpatskaya obl.'),
(285, 62, 'Zaporozhskaya obl.'),
(286, 62, 'Ivano-Frankovskaya obl.'),
(287, 62, 'Kievskaya obl.'),
(288, 62, 'Kirovogradskaya obl.'),
(289, 62, 'Krymskaya obl.'),
(290, 62, 'Luganskaya obl.'),
(291, 62, 'Lvovskaya obl.'),
(292, 62, 'Nikolaevskaya obl.'),
(293, 62, 'Odesskaya obl.'),
(294, 62, 'Poltavskaya obl.'),
(295, 62, 'Rovenskaya obl.'),
(296, 62, 'Sumskaya obl.'),
(297, 62, 'Ternopolskaya obl.'),
(298, 62, 'Harkovskaya obl.'),
(299, 62, 'Hersonskaya obl.'),
(300, 62, 'Hmelnitskaya obl.'),
(301, 62, 'Cherkasskaya obl.'),
(302, 62, 'Chernigovskaya obl.'),
(303, 62, 'Chernovitskaya obl.'),
(304, 68, 'Estoniya'),
(305, 69, 'Cheju'),
(306, 69, 'Chollabuk'),
(307, 69, 'Chollanam'),
(308, 69, 'Chungcheongbuk'),
(309, 69, 'Chungcheongnam'),
(310, 69, 'Incheon'),
(311, 69, 'Kangweon'),
(312, 69, 'Kwangju'),
(313, 69, 'Kyeonggi'),
(314, 69, 'Kyeongsangbuk'),
(315, 69, 'Kyeongsangnam'),
(316, 69, 'Pusan'),
(317, 69, 'Seoul'),
(318, 69, 'Taegu'),
(319, 69, 'Taejeon'),
(320, 69, 'Ulsan'),
(321, 70, 'Aichi'),
(322, 70, 'Akita'),
(323, 70, 'Aomori'),
(324, 70, 'Wakayama'),
(325, 70, 'Gifu'),
(326, 70, 'Gunma'),
(327, 70, 'Ibaraki'),
(328, 70, 'Iwate'),
(329, 70, 'Ishikawa'),
(330, 70, 'Kagawa'),
(331, 70, 'Kagoshima'),
(332, 70, 'Kanagawa'),
(333, 70, 'Kyoto'),
(334, 70, 'Kochi'),
(335, 70, 'Kumamoto'),
(336, 70, 'Mie'),
(337, 70, 'Miyagi'),
(338, 70, 'Miyazaki'),
(339, 70, 'Nagano'),
(340, 70, 'Nagasaki'),
(341, 70, 'Nara'),
(342, 70, 'Niigata'),
(343, 70, 'Okayama'),
(344, 70, 'Okinawa'),
(345, 70, 'Osaka'),
(346, 70, 'Saga'),
(347, 70, 'Saitama'),
(348, 70, 'Shiga'),
(349, 70, 'Shizuoka'),
(350, 70, 'Shimane'),
(351, 70, 'Tiba'),
(352, 70, 'Tokyo'),
(353, 70, 'Tokushima'),
(354, 70, 'Tochigi'),
(355, 70, 'Tottori'),
(356, 70, 'Toyama'),
(357, 70, 'Fukui'),
(358, 70, 'Fukuoka'),
(359, 70, 'Fukushima'),
(360, 70, 'Hiroshima'),
(361, 70, 'Hokkaido'),
(362, 70, 'Hyogo'),
(363, 70, 'Yoshimi'),
(364, 70, 'Yamagata'),
(365, 70, 'Yamaguchi'),
(366, 70, 'Yamanashi'),
(368, 73, 'Hong Kong'),
(369, 74, 'Indonesia'),
(370, 75, 'Jordan'),
(371, 76, 'Malaysia'),
(372, 77, 'Singapore'),
(373, 78, 'Taiwan'),
(374, 30, 'Kazahstan'),
(375, 62, 'Ukraina'),
(376, 25, 'India'),
(377, 23, 'Egypt'),
(378, 106, 'Damascus'),
(379, 131, 'Isle of Man'),
(380, 30, 'Zapadno-Kazahstanskaya obl.'),
(381, 50, 'Adygeya'),
(382, 50, 'Hakasiya'),
(383, 93, 'Dubai'),
(384, 50, 'Chukotskii AO'),
(385, 99, 'Beirut'),
(386, 137, 'Tegucigalpa'),
(387, 138, 'Santo Domingo'),
(388, 139, 'Ulan Bator'),
(389, 23, 'Sinai'),
(390, 140, 'Baghdad'),
(391, 140, 'Basra'),
(392, 140, 'Mosul'),
(393, 141, 'Johannesburg'),
(394, 104, 'Morocco'),
(395, 104, 'Tangier'),
(396, 50, 'Yamalo-Nenetskii AO'),
(397, 122, 'Tunisia'),
(398, 92, 'Thailand'),
(399, 117, 'Mozambique'),
(400, 84, 'Korea'),
(401, 87, 'Pakistan'),
(402, 142, 'Aruba'),
(403, 80, 'Bahamas'),
(404, 69, 'South Korea'),
(405, 132, 'Jamaica'),
(406, 93, 'Sharjah'),
(407, 93, 'Abu Dhabi'),
(409, 24, 'Ramat Hagolan'),
(410, 115, 'Nigeria'),
(411, 64, 'Ain'),
(412, 64, 'Haute-Savoie'),
(413, 64, 'Aisne'),
(414, 64, 'Allier'),
(415, 64, 'Alpes-de-Haute-Provence'),
(416, 64, 'Hautes-Alpes'),
(417, 64, 'Alpes-Maritimes'),
(418, 64, 'Ard&egrave;che'),
(419, 64, 'Ardennes'),
(420, 64, 'Ari&egrave;ge'),
(421, 64, 'Aube'),
(422, 64, 'Aude'),
(423, 64, 'Aveyron'),
(424, 64, 'Bouches-du-Rh&ocirc;ne'),
(425, 64, 'Calvados'),
(426, 64, 'Cantal'),
(427, 64, 'Charente'),
(428, 64, 'Charente Maritime'),
(429, 64, 'Cher'),
(430, 64, 'Corr&egrave;ze'),
(431, 64, 'Dordogne'),
(432, 64, 'Corse'),
(433, 64, 'C&ocirc;te d&#039;Or'),
(434, 64, 'Sa&ocirc;ne et Loire'),
(435, 64, 'C&ocirc;tes d&#039;Armor'),
(436, 64, 'Creuse'),
(437, 64, 'Doubs'),
(438, 64, 'Dr&ocirc;me'),
(439, 64, 'Eure'),
(440, 64, 'Eure-et-Loire'),
(441, 64, 'Finist&egrave;re'),
(442, 64, 'Gard'),
(443, 64, 'Haute-Garonne'),
(444, 64, 'Gers'),
(445, 64, 'Gironde'),
(446, 64, 'Hérault'),
(447, 64, 'Ille et Vilaine'),
(448, 64, 'Indre'),
(449, 64, 'Indre-et-Loire'),
(450, 64, 'Isère'),
(451, 64, 'Jura'),
(452, 64, 'Landes'),
(453, 64, 'Loir-et-Cher'),
(454, 64, 'Loire'),
(455, 64, 'Rh&ocirc;ne'),
(456, 64, 'Haute-Loire'),
(457, 64, 'Loire Atlantique'),
(458, 64, 'Loiret'),
(459, 64, 'Lot'),
(460, 64, 'Lot-et-Garonne'),
(461, 64, 'Loz&egrave;re'),
(462, 64, 'Maine et Loire'),
(463, 64, 'Manche'),
(464, 64, 'Marne'),
(465, 64, 'Haute-Marne'),
(466, 64, 'Mayenne'),
(467, 64, 'Meurthe-et-Moselle'),
(468, 64, 'Meuse'),
(469, 64, 'Morbihan'),
(470, 64, 'Moselle'),
(471, 64, 'Ni&egrave;vre'),
(472, 64, 'Nord'),
(473, 64, 'Oise'),
(474, 64, 'Orne'),
(475, 64, 'Pas-de-Calais'),
(476, 64, 'Puy-de-D&ocirc;me'),
(477, 64, 'Pyrénées-Atlantiques'),
(478, 64, 'Hautes-Pyrénées'),
(479, 64, 'Pyrénées-Orientales'),
(480, 64, 'Bas Rhin'),
(481, 64, 'Haut Rhin'),
(482, 64, 'Haute-Sa&ocirc;ne'),
(483, 64, 'Sarthe'),
(484, 64, 'Savoie'),
(485, 64, 'Paris'),
(486, 64, 'Seine-Maritime'),
(487, 64, 'Seine-et-Marne'),
(488, 64, 'Yvelines'),
(489, 64, 'Deux-S&egrave;vres'),
(490, 64, 'Somme'),
(491, 64, 'Tarn'),
(492, 64, 'Tarn-et-Garonne'),
(493, 64, 'Var'),
(494, 64, 'Vaucluse'),
(495, 64, 'Vendée'),
(496, 64, 'Vienne'),
(497, 64, 'Haute-Vienne'),
(498, 64, 'Vosges'),
(499, 64, 'Yonne'),
(500, 64, 'Territoire de Belfort'),
(501, 64, 'Essonne'),
(502, 64, 'Hauts-de-Seine'),
(503, 64, 'Seine-Saint-Denis'),
(504, 64, 'Val-de-Marne'),
(505, 64, 'Val-d&#039;Oise'),
(506, 29, 'Piemonte - Torino'),
(507, 29, 'Piemonte - Alessandria'),
(508, 29, 'Piemonte - Asti'),
(509, 29, 'Piemonte - Biella'),
(510, 29, 'Piemonte - Cuneo'),
(511, 29, 'Piemonte - Novara'),
(512, 29, 'Piemonte - Verbania'),
(513, 29, 'Piemonte - Vercelli'),
(514, 29, 'Valle d&#039;Aosta - Aosta'),
(515, 29, 'Lombardia - Milano'),
(516, 29, 'Lombardia - Bergamo'),
(517, 29, 'Lombardia - Brescia'),
(518, 29, 'Lombardia - Como'),
(519, 29, 'Lombardia - Cremona'),
(520, 29, 'Lombardia - Lecco'),
(521, 29, 'Lombardia - Lodi'),
(522, 29, 'Lombardia - Mantova'),
(523, 29, 'Lombardia - Pavia'),
(524, 29, 'Lombardia - Sondrio'),
(525, 29, 'Lombardia - Varese'),
(526, 29, 'Trentino Alto Adige - Trento'),
(527, 29, 'Trentino Alto Adige - Bolzano'),
(528, 29, 'Veneto - Venezia'),
(529, 29, 'Veneto - Belluno'),
(530, 29, 'Veneto - Padova'),
(531, 29, 'Veneto - Rovigo'),
(532, 29, 'Veneto - Treviso'),
(533, 29, 'Veneto - Verona'),
(534, 29, 'Veneto - Vicenza'),
(535, 29, 'Friuli Venezia Giulia - Trieste'),
(536, 29, 'Friuli Venezia Giulia - Gorizia'),
(537, 29, 'Friuli Venezia Giulia - Pordenone'),
(538, 29, 'Friuli Venezia Giulia - Udine'),
(539, 29, 'Liguria - Genova'),
(540, 29, 'Liguria - Imperia'),
(541, 29, 'Liguria - La Spezia'),
(542, 29, 'Liguria - Savona'),
(543, 29, 'Emilia Romagna - Bologna'),
(544, 29, 'Emilia Romagna - Ferrara'),
(545, 29, 'Emilia Romagna - Forlì-Cesena'),
(546, 29, 'Emilia Romagna - Modena'),
(547, 29, 'Emilia Romagna - Parma'),
(548, 29, 'Emilia Romagna - Piacenza'),
(549, 29, 'Emilia Romagna - Ravenna'),
(550, 29, 'Emilia Romagna - Reggio Emilia'),
(551, 29, 'Emilia Romagna - Rimini'),
(552, 29, 'Toscana - Firenze'),
(553, 29, 'Toscana - Arezzo'),
(554, 29, 'Toscana - Grosseto'),
(555, 29, 'Toscana - Livorno'),
(556, 29, 'Toscana - Lucca'),
(557, 29, 'Toscana - Massa Carrara'),
(558, 29, 'Toscana - Pisa'),
(559, 29, 'Toscana - Pistoia'),
(560, 29, 'Toscana - Prato'),
(561, 29, 'Toscana - Siena'),
(562, 29, 'Umbria - Perugia'),
(563, 29, 'Umbria - Terni'),
(564, 29, 'Marche - Ancona'),
(565, 29, 'Marche - Ascoli Piceno'),
(566, 29, 'Marche - Macerata'),
(567, 29, 'Marche - Pesaro - Urbino'),
(568, 29, 'Lazio - Roma'),
(569, 29, 'Lazio - Frosinone'),
(570, 29, 'Lazio - Latina'),
(571, 29, 'Lazio - Rieti'),
(572, 29, 'Lazio - Viterbo'),
(573, 29, 'Abruzzo - L´Aquila'),
(574, 29, 'Abruzzo - Chieti'),
(575, 29, 'Abruzzo - Pescara'),
(576, 29, 'Abruzzo - Teramo'),
(577, 29, 'Molise - Campobasso'),
(578, 29, 'Molise - Isernia'),
(579, 29, 'Campania - Napoli'),
(580, 29, 'Campania - Avellino'),
(581, 29, 'Campania - Benevento'),
(582, 29, 'Campania - Caserta'),
(583, 29, 'Campania - Salerno'),
(584, 29, 'Puglia - Bari'),
(585, 29, 'Puglia - Brindisi'),
(586, 29, 'Puglia - Foggia'),
(587, 29, 'Puglia - Lecce'),
(588, 29, 'Puglia - Taranto'),
(589, 29, 'Basilicata - Potenza'),
(590, 29, 'Basilicata - Matera'),
(591, 29, 'Calabria - Catanzaro'),
(592, 29, 'Calabria - Cosenza'),
(593, 29, 'Calabria - Crotone'),
(594, 29, 'Calabria - Reggio Calabria'),
(595, 29, 'Calabria - Vibo Valentia'),
(596, 29, 'Sicilia - Palermo'),
(597, 29, 'Sicilia - Agrigento'),
(598, 29, 'Sicilia - Caltanissetta'),
(599, 29, 'Sicilia - Catania'),
(600, 29, 'Sicilia - Enna'),
(601, 29, 'Sicilia - Messina'),
(602, 29, 'Sicilia - Ragusa'),
(603, 29, 'Sicilia - Siracusa'),
(604, 29, 'Sicilia - Trapani'),
(605, 29, 'Sardegna - Cagliari'),
(606, 29, 'Sardegna - Nuoro'),
(607, 29, 'Sardegna - Oristano'),
(608, 29, 'Sardegna - Sassari'),
(609, 28, 'Las Palmas'),
(610, 28, 'Soria'),
(611, 28, 'Palencia'),
(612, 28, 'Zamora'),
(613, 28, 'Cádiz'),
(614, 28, 'Navarra'),
(615, 28, 'Ourense'),
(616, 28, 'Segovia'),
(617, 28, 'Guip&uacute;zcoa'),
(618, 28, 'Ciudad Real'),
(619, 28, 'Vizcaya'),
(620, 28, 'álava'),
(621, 28, 'A Coruña'),
(622, 28, 'Cantabria'),
(623, 28, 'Almería'),
(624, 28, 'Zaragoza'),
(625, 28, 'Santa Cruz de Tenerife'),
(626, 28, 'Cáceres'),
(627, 28, 'Guadalajara'),
(628, 28, 'ávila'),
(629, 28, 'Toledo'),
(630, 28, 'Castellón'),
(631, 28, 'Tarragona'),
(632, 28, 'Lugo'),
(633, 28, 'La Rioja'),
(634, 28, 'Ceuta'),
(635, 28, 'Murcia'),
(636, 28, 'Salamanca'),
(637, 28, 'Valladolid'),
(638, 28, 'Jaén'),
(639, 28, 'Girona'),
(640, 28, 'Granada'),
(641, 28, 'Alacant'),
(642, 28, 'Córdoba'),
(643, 28, 'Albacete'),
(644, 28, 'Cuenca'),
(645, 28, 'Pontevedra'),
(646, 28, 'Teruel'),
(647, 28, 'Melilla'),
(648, 28, 'Barcelona'),
(649, 28, 'Badajoz'),
(650, 28, 'Madrid'),
(651, 28, 'Sevilla'),
(652, 28, 'Val&egrave;ncia'),
(653, 28, 'Huelva'),
(654, 28, 'Lleida'),
(655, 28, 'León'),
(656, 28, 'Illes Balears'),
(657, 28, 'Burgos'),
(658, 28, 'Huesca'),
(659, 28, 'Asturias'),
(660, 28, 'Málaga'),
(661, 144, 'Afghanistan'),
(662, 210, 'Niger'),
(663, 133, 'Mali'),
(664, 156, 'Burkina Faso'),
(665, 136, 'Togo'),
(666, 151, 'Benin'),
(667, 119, 'Angola'),
(668, 102, 'Namibia'),
(669, 100, 'Botswana'),
(670, 134, 'Madagascar'),
(671, 202, 'Mauritius'),
(672, 196, 'Laos'),
(673, 158, 'Cambodia'),
(674, 90, 'Philippines'),
(675, 88, 'Papua New Guinea'),
(676, 228, 'Solomon Islands'),
(677, 240, 'Vanuatu'),
(678, 176, 'Fiji'),
(679, 223, 'Samoa'),
(680, 206, 'Nauru'),
(681, 168, 'Cote D&#039;Ivoire'),
(682, 198, 'Liberia'),
(683, 187, 'Guinea'),
(684, 189, 'Guyana'),
(685, 98, 'Algeria'),
(686, 147, 'Antigua and Barbuda'),
(687, 127, 'Bahrain'),
(688, 149, 'Bangladesh'),
(689, 128, 'Barbados'),
(690, 152, 'Bhutan'),
(691, 155, 'Brunei'),
(692, 157, 'Burundi'),
(693, 159, 'Cape Verde'),
(694, 130, 'Chad'),
(695, 164, 'Comoros'),
(696, 112, 'Congo (Brazzaville)'),
(697, 169, 'Djibouti'),
(698, 171, 'East Timor'),
(699, 173, 'Eritrea'),
(700, 121, 'Ethiopia'),
(701, 180, 'Gabon'),
(702, 181, 'Gambia'),
(703, 105, 'Ghana'),
(704, 197, 'Lesotho'),
(705, 125, 'Malawi'),
(706, 200, 'Maldives'),
(707, 205, 'Myanmar (Burma)'),
(708, 107, 'Nepal'),
(709, 213, 'Oman'),
(710, 217, 'Rwanda'),
(711, 91, 'Saudi Arabia'),
(712, 120, 'Sri Lanka'),
(713, 232, 'Sudan'),
(714, 234, 'Swaziland'),
(715, 101, 'Tanzania'),
(716, 236, 'Tonga'),
(717, 239, 'Tuvalu'),
(718, 242, 'Western Sahara'),
(719, 243, 'Yemen'),
(720, 116, 'Zambia'),
(721, 96, 'Zimbabwe'),
(722, 66, 'Aargau'),
(723, 66, 'Appenzell Innerrhoden'),
(724, 66, 'Appenzell Ausserrhoden'),
(725, 66, 'Bern'),
(726, 66, 'Basel-Landschaft'),
(727, 66, 'Basel-Stadt'),
(728, 66, 'Fribourg'),
(729, 66, 'Gen&egrave;ve'),
(730, 66, 'Glarus'),
(731, 66, 'Graubünden'),
(732, 66, 'Jura'),
(733, 66, 'Luzern'),
(734, 66, 'Neuch&acirc;tel'),
(735, 66, 'Nidwalden'),
(736, 66, 'Obwalden'),
(737, 66, 'Sankt Gallen'),
(738, 66, 'Schaffhausen'),
(739, 66, 'Solothurn'),
(740, 66, 'Schwyz'),
(741, 66, 'Thurgau'),
(742, 66, 'Ticino'),
(743, 66, 'Uri'),
(744, 66, 'Vaud'),
(745, 66, 'Valais'),
(746, 66, 'Zug'),
(747, 66, 'Zürich'),
(749, 48, 'Aveiro'),
(750, 48, 'Beja'),
(751, 48, 'Braga'),
(752, 48, 'Braganca'),
(753, 48, 'Castelo Branco'),
(754, 48, 'Coimbra'),
(755, 48, 'Evora'),
(756, 48, 'Faro'),
(757, 48, 'Madeira'),
(758, 48, 'Guarda'),
(759, 48, 'Leiria'),
(760, 48, 'Lisboa'),
(761, 48, 'Portalegre'),
(762, 48, 'Porto'),
(763, 48, 'Santarem'),
(764, 48, 'Setubal'),
(765, 48, 'Viana do Castelo'),
(766, 48, 'Vila Real'),
(767, 48, 'Viseu'),
(768, 48, 'Azores'),
(769, 55, 'Armed Forces Americas'),
(770, 55, 'Armed Forces Europe'),
(771, 55, 'Alaska'),
(772, 55, 'Alabama'),
(773, 55, 'Armed Forces Pacific'),
(774, 55, 'Arkansas'),
(775, 55, 'American Samoa'),
(776, 55, 'Arizona'),
(777, 55, 'California'),
(778, 55, 'Colorado'),
(779, 55, 'Connecticut'),
(780, 55, 'District of Columbia'),
(781, 55, 'Delaware'),
(782, 55, 'Florida'),
(783, 55, 'Federated States of Micronesia'),
(784, 55, 'Georgia'),
(786, 55, 'Hawaii'),
(787, 55, 'Iowa'),
(788, 55, 'Idaho'),
(789, 55, 'Illinois'),
(790, 55, 'Indiana'),
(791, 55, 'Kansas'),
(792, 55, 'Kentucky'),
(793, 55, 'Louisiana'),
(794, 55, 'Massachusetts'),
(795, 55, 'Maryland'),
(796, 55, 'Maine'),
(797, 55, 'Marshall Islands'),
(798, 55, 'Michigan'),
(799, 55, 'Minnesota'),
(800, 55, 'Missouri'),
(801, 55, 'Northern Mariana Islands'),
(802, 55, 'Mississippi'),
(803, 55, 'Montana'),
(804, 55, 'North Carolina'),
(805, 55, 'North Dakota'),
(806, 55, 'Nebraska'),
(807, 55, 'New Hampshire'),
(808, 55, 'New Jersey'),
(809, 55, 'New Mexico'),
(810, 55, 'Nevada'),
(811, 55, 'New York'),
(812, 55, 'Ohio'),
(813, 55, 'Oklahoma'),
(814, 55, 'Oregon'),
(815, 55, 'Pennsylvania'),
(816, 246, 'Puerto Rico'),
(817, 55, 'Palau'),
(818, 55, 'Rhode Island'),
(819, 55, 'South Carolina'),
(820, 55, 'South Dakota'),
(821, 55, 'Tennessee'),
(822, 55, 'Texas'),
(823, 55, 'Utah'),
(824, 55, 'Virginia'),
(825, 55, 'Virgin Islands'),
(826, 55, 'Vermont'),
(827, 55, 'Washington'),
(828, 55, 'West Virginia'),
(829, 55, 'Wisconsin'),
(830, 55, 'Wyoming'),
(831, 94, 'Greenland'),
(832, 18, 'Brandenburg'),
(833, 18, 'Baden-Württemberg'),
(834, 18, 'Bayern'),
(835, 18, 'Hessen'),
(836, 18, 'Hamburg'),
(837, 18, 'Mecklenburg-Vorpommern'),
(838, 18, 'Niedersachsen'),
(839, 18, 'Nordrhein-Westfalen'),
(840, 18, 'Rheinland-Pfalz'),
(841, 18, 'Schleswig-Holstein'),
(842, 18, 'Sachsen'),
(843, 18, 'Sachsen-Anhalt'),
(844, 18, 'Thüringen'),
(845, 18, 'Berlin'),
(846, 18, 'Bremen'),
(847, 18, 'Saarland'),
(848, 13, 'Scotland North'),
(849, 13, 'England - East'),
(850, 13, 'England - West Midlands'),
(851, 13, 'England - South West'),
(852, 13, 'England - North West'),
(853, 13, 'England - Yorks &amp; Humber'),
(854, 13, 'England - South East'),
(855, 13, 'England - London'),
(856, 13, 'Northern Ireland'),
(857, 13, 'England - North East'),
(858, 13, 'Wales South'),
(859, 13, 'Wales North'),
(860, 13, 'England - East Midlands'),
(861, 13, 'Scotland Central'),
(862, 13, 'Scotland South'),
(863, 13, 'Channel Islands'),
(864, 13, 'Isle of Man'),
(865, 2, 'Burgenland'),
(866, 2, 'Kärnten'),
(867, 2, 'Niederösterreich'),
(868, 2, 'Oberösterreich'),
(869, 2, 'Salzburg'),
(870, 2, 'Steiermark'),
(871, 2, 'Tirol'),
(872, 2, 'Vorarlberg'),
(873, 2, 'Wien'),
(874, 9, 'Bruxelles'),
(875, 9, 'West-Vlaanderen'),
(876, 9, 'Oost-Vlaanderen'),
(877, 9, 'Limburg'),
(878, 9, 'Vlaams Brabant'),
(879, 9, 'Antwerpen'),
(880, 9, 'LiÄge'),
(881, 9, 'Namur'),
(882, 9, 'Hainaut'),
(883, 9, 'Luxembourg'),
(884, 9, 'Brabant Wallon'),
(887, 67, 'Blekinge Lan'),
(888, 67, 'Gavleborgs Lan'),
(890, 67, 'Gotlands Lan'),
(891, 67, 'Hallands Lan'),
(892, 67, 'Jamtlands Lan'),
(893, 67, 'Jonkopings Lan'),
(894, 67, 'Kalmar Lan'),
(895, 67, 'Dalarnas Lan'),
(897, 67, 'Kronobergs Lan'),
(899, 67, 'Norrbottens Lan'),
(900, 67, 'Orebro Lan'),
(901, 67, 'Ostergotlands Lan'),
(903, 67, 'Sodermanlands Lan'),
(904, 67, 'Uppsala Lan'),
(905, 67, 'Varmlands Lan'),
(906, 67, 'Vasterbottens Lan'),
(907, 67, 'Vasternorrlands Lan'),
(908, 67, 'Vastmanlands Lan'),
(909, 67, 'Stockholms Lan'),
(910, 67, 'Skane Lan'),
(911, 67, 'Vastra Gotaland'),
(913, 46, 'Akershus'),
(914, 46, 'Aust-Agder'),
(915, 46, 'Buskerud'),
(916, 46, 'Finnmark'),
(917, 46, 'Hedmark'),
(918, 46, 'Hordaland'),
(919, 46, 'More og Romsdal'),
(920, 46, 'Nordland'),
(921, 46, 'Nord-Trondelag'),
(922, 46, 'Oppland'),
(923, 46, 'Oslo'),
(924, 46, 'Ostfold'),
(925, 46, 'Rogaland'),
(926, 46, 'Sogn og Fjordane'),
(927, 46, 'Sor-Trondelag'),
(928, 46, 'Telemark'),
(929, 46, 'Troms'),
(930, 46, 'Vest-Agder'),
(931, 46, 'Vestfold'),
(933, 63, '&ETH;&bull;land'),
(934, 63, 'Lapland'),
(935, 63, 'Oulu'),
(936, 63, 'Southern Finland'),
(937, 63, 'Eastern Finland'),
(938, 63, 'Western Finland'),
(940, 22, 'Arhus'),
(941, 22, 'Bornholm'),
(942, 22, 'Frederiksborg'),
(943, 22, 'Fyn'),
(944, 22, 'Kobenhavn'),
(945, 22, 'Staden Kobenhavn'),
(946, 22, 'Nordjylland'),
(947, 22, 'Ribe'),
(948, 22, 'Ringkobing'),
(949, 22, 'Roskilde'),
(950, 22, 'Sonderjylland'),
(951, 22, 'Storstrom'),
(952, 22, 'Vejle'),
(953, 22, 'Vestsjalland'),
(954, 22, 'Viborg'),
(956, 65, 'Hlavni Mesto Praha'),
(957, 65, 'Jihomoravsky Kraj'),
(958, 65, 'Jihocesky Kraj'),
(959, 65, 'Vysocina'),
(960, 65, 'Karlovarsky Kraj'),
(961, 65, 'Kralovehradecky Kraj'),
(962, 65, 'Liberecky Kraj'),
(963, 65, 'Olomoucky Kraj'),
(964, 65, 'Moravskoslezsky Kraj'),
(965, 65, 'Pardubicky Kraj'),
(966, 65, 'Plzensky Kraj'),
(967, 65, 'Stredocesky Kraj'),
(968, 65, 'Ustecky Kraj'),
(969, 65, 'Zlinsky Kraj'),
(971, 114, 'Berat'),
(972, 114, 'Diber'),
(973, 114, 'Durres'),
(974, 114, 'Elbasan'),
(975, 114, 'Fier'),
(976, 114, 'Gjirokaster'),
(977, 114, 'Korce'),
(978, 114, 'Kukes'),
(979, 114, 'Lezhe'),
(980, 114, 'Shkoder'),
(981, 114, 'Tirane'),
(982, 114, 'Vlore'),
(984, 145, 'Canillo'),
(985, 145, 'Encamp'),
(986, 145, 'La Massana'),
(987, 145, 'Ordino'),
(988, 145, 'Sant Julia de Loria'),
(989, 145, 'Andorra la Vella'),
(990, 145, 'Escaldes-Engordany'),
(992, 6, 'Aragatsotn'),
(993, 6, 'Ararat'),
(994, 6, 'Armavir'),
(995, 6, 'Geghark&#039;unik&#039;'),
(996, 6, 'Kotayk&#039;'),
(997, 6, 'Lorri'),
(998, 6, 'Shirak'),
(999, 6, 'Syunik&#039;'),
(1000, 6, 'Tavush'),
(1001, 6, 'Vayots&#039; Dzor'),
(1002, 6, 'Yerevan'),
(1004, 79, 'Federation of Bosnia and Herzegovina'),
(1005, 79, 'Republika Srpska'),
(1007, 11, 'Mikhaylovgrad'),
(1008, 11, 'Blagoevgrad'),
(1009, 11, 'Burgas'),
(1010, 11, 'Dobrich'),
(1011, 11, 'Gabrovo'),
(1012, 11, 'Grad Sofiya'),
(1013, 11, 'Khaskovo'),
(1014, 11, 'Kurdzhali'),
(1015, 11, 'Kyustendil'),
(1016, 11, 'Lovech'),
(1017, 11, 'Montana'),
(1018, 11, 'Pazardzhik'),
(1019, 11, 'Pernik'),
(1020, 11, 'Pleven'),
(1021, 11, 'Plovdiv'),
(1022, 11, 'Razgrad'),
(1023, 11, 'Ruse'),
(1024, 11, 'Shumen'),
(1025, 11, 'Silistra'),
(1026, 11, 'Sliven'),
(1027, 11, 'Smolyan'),
(1028, 11, 'Sofiya'),
(1029, 11, 'Stara Zagora'),
(1030, 11, 'Turgovishte'),
(1031, 11, 'Varna'),
(1032, 11, 'Veliko Turnovo'),
(1033, 11, 'Vidin'),
(1034, 11, 'Vratsa'),
(1035, 11, 'Yambol'),
(1037, 71, 'Bjelovarsko-Bilogorska'),
(1038, 71, 'Brodsko-Posavska'),
(1039, 71, 'Dubrovacko-Neretvanska'),
(1040, 71, 'Istarska'),
(1041, 71, 'Karlovacka'),
(1042, 71, 'Koprivnicko-Krizevacka'),
(1043, 71, 'Krapinsko-Zagorska'),
(1044, 71, 'Licko-Senjska'),
(1045, 71, 'Medimurska'),
(1046, 71, 'Osjecko-Baranjska'),
(1047, 71, 'Pozesko-Slavonska'),
(1048, 71, 'Primorsko-Goranska'),
(1049, 71, 'Sibensko-Kninska'),
(1050, 71, 'Sisacko-Moslavacka'),
(1051, 71, 'Splitsko-Dalmatinska'),
(1052, 71, 'Varazdinska'),
(1053, 71, 'Viroviticko-Podravska'),
(1054, 71, 'Vukovarsko-Srijemska'),
(1055, 71, 'Zadarska'),
(1056, 71, 'Zagrebacka'),
(1057, 71, 'Grad Zagreb'),
(1059, 143, 'Gibraltar'),
(1060, 20, 'Evros'),
(1061, 20, 'Rodhopi'),
(1062, 20, 'Xanthi'),
(1063, 20, 'Drama'),
(1064, 20, 'Serrai'),
(1065, 20, 'Kilkis'),
(1066, 20, 'Pella'),
(1067, 20, 'Florina'),
(1068, 20, 'Kastoria'),
(1069, 20, 'Grevena'),
(1070, 20, 'Kozani'),
(1071, 20, 'Imathia'),
(1072, 20, 'Thessaloniki'),
(1073, 20, 'Kavala'),
(1074, 20, 'Khalkidhiki'),
(1075, 20, 'Pieria'),
(1076, 20, 'Ioannina'),
(1077, 20, 'Thesprotia'),
(1078, 20, 'Preveza'),
(1079, 20, 'Arta'),
(1080, 20, 'Larisa'),
(1081, 20, 'Trikala'),
(1082, 20, 'Kardhitsa'),
(1083, 20, 'Magnisia'),
(1084, 20, 'Kerkira'),
(1085, 20, 'Levkas'),
(1086, 20, 'Kefallinia'),
(1087, 20, 'Zakinthos'),
(1088, 20, 'Fthiotis'),
(1089, 20, 'Evritania'),
(1090, 20, 'Aitolia kai Akarnania'),
(1091, 20, 'Fokis'),
(1092, 20, 'Voiotia'),
(1093, 20, 'Evvoia'),
(1094, 20, 'Attiki'),
(1095, 20, 'Argolis'),
(1096, 20, 'Korinthia'),
(1097, 20, 'Akhaia'),
(1098, 20, 'Ilia'),
(1099, 20, 'Messinia'),
(1100, 20, 'Arkadhia'),
(1101, 20, 'Lakonia'),
(1102, 20, 'Khania'),
(1103, 20, 'Rethimni'),
(1104, 20, 'Iraklion'),
(1105, 20, 'Lasithi'),
(1106, 20, 'Dhodhekanisos'),
(1107, 20, 'Samos'),
(1108, 20, 'Kikladhes'),
(1109, 20, 'Khios'),
(1110, 20, 'Lesvos'),
(1112, 14, 'Bacs-Kiskun'),
(1113, 14, 'Baranya'),
(1114, 14, 'Bekes'),
(1115, 14, 'Borsod-Abauj-Zemplen'),
(1116, 14, 'Budapest'),
(1117, 14, 'Csongrad'),
(1118, 14, 'Debrecen'),
(1119, 14, 'Fejer'),
(1120, 14, 'Gyor-Moson-Sopron'),
(1121, 14, 'Hajdu-Bihar'),
(1122, 14, 'Heves'),
(1123, 14, 'Komarom-Esztergom'),
(1124, 14, 'Miskolc'),
(1125, 14, 'Nograd'),
(1126, 14, 'Pecs'),
(1127, 14, 'Pest'),
(1128, 14, 'Somogy'),
(1129, 14, 'Szabolcs-Szatmar-Bereg'),
(1130, 14, 'Szeged'),
(1131, 14, 'Jasz-Nagykun-Szolnok'),
(1132, 14, 'Tolna'),
(1133, 14, 'Vas'),
(1134, 14, 'Veszprem'),
(1135, 14, 'Zala'),
(1136, 14, 'Gyor'),
(1150, 14, 'Veszprem'),
(1152, 126, 'Balzers'),
(1153, 126, 'Eschen'),
(1154, 126, 'Gamprin'),
(1155, 126, 'Mauren'),
(1156, 126, 'Planken'),
(1157, 126, 'Ruggell'),
(1158, 126, 'Schaan'),
(1159, 126, 'Schellenberg'),
(1160, 126, 'Triesen'),
(1161, 126, 'Triesenberg'),
(1162, 126, 'Vaduz'),
(1163, 41, 'Diekirch'),
(1164, 41, 'Grevenmacher'),
(1165, 41, 'Luxembourg'),
(1167, 85, 'Aracinovo'),
(1168, 85, 'Bac'),
(1169, 85, 'Belcista'),
(1170, 85, 'Berovo'),
(1171, 85, 'Bistrica'),
(1172, 85, 'Bitola'),
(1173, 85, 'Blatec'),
(1174, 85, 'Bogdanci'),
(1175, 85, 'Bogomila'),
(1176, 85, 'Bogovinje'),
(1177, 85, 'Bosilovo'),
(1179, 85, 'Cair'),
(1180, 85, 'Capari'),
(1181, 85, 'Caska'),
(1182, 85, 'Cegrane'),
(1184, 85, 'Centar Zupa'),
(1187, 85, 'Debar'),
(1188, 85, 'Delcevo'),
(1190, 85, 'Demir Hisar'),
(1191, 85, 'Demir Kapija'),
(1195, 85, 'Dorce Petrov'),
(1198, 85, 'Gazi Baba'),
(1199, 85, 'Gevgelija'),
(1200, 85, 'Gostivar'),
(1201, 85, 'Gradsko'),
(1204, 85, 'Jegunovce'),
(1205, 85, 'Kamenjane'),
(1207, 85, 'Karpos'),
(1208, 85, 'Kavadarci'),
(1209, 85, 'Kicevo'),
(1210, 85, 'Kisela Voda'),
(1211, 85, 'Klecevce'),
(1212, 85, 'Kocani'),
(1214, 85, 'Kondovo'),
(1217, 85, 'Kratovo'),
(1219, 85, 'Krivogastani'),
(1220, 85, 'Krusevo'),
(1223, 85, 'Kumanovo'),
(1224, 85, 'Labunista'),
(1225, 85, 'Lipkovo'),
(1228, 85, 'Makedonska Kamenica'),
(1229, 85, 'Makedonski Brod'),
(1234, 85, 'Murtino'),
(1235, 85, 'Negotino'),
(1238, 85, 'Novo Selo'),
(1240, 85, 'Ohrid'),
(1242, 85, 'Orizari'),
(1245, 85, 'Petrovec'),
(1248, 85, 'Prilep'),
(1249, 85, 'Probistip'),
(1250, 85, 'Radovis'),
(1252, 85, 'Resen'),
(1253, 85, 'Rosoman'),
(1256, 85, 'Saraj'),
(1260, 85, 'Srbinovo'),
(1262, 85, 'Star Dojran'),
(1264, 85, 'Stip'),
(1265, 85, 'Struga'),
(1266, 85, 'Strumica'),
(1267, 85, 'Studenicani'),
(1268, 85, 'Suto Orizari'),
(1269, 85, 'Sveti Nikole'),
(1270, 85, 'Tearce'),
(1271, 85, 'Tetovo'),
(1273, 85, 'Valandovo'),
(1275, 85, 'Veles'),
(1277, 85, 'Vevcani'),
(1278, 85, 'Vinica'),
(1281, 85, 'Vrapciste'),
(1286, 85, 'Zelino'),
(1289, 85, 'Zrnovci'),
(1291, 86, 'Malta'),
(1292, 44, 'La Condamine'),
(1293, 44, 'Monaco'),
(1294, 44, 'Monte-Carlo'),
(1295, 47, 'Biala Podlaska'),
(1296, 47, 'Bialystok'),
(1297, 47, 'Bielsko'),
(1298, 47, 'Bydgoszcz'),
(1299, 47, 'Chelm'),
(1300, 47, 'Ciechanow'),
(1301, 47, 'Czestochowa'),
(1302, 47, 'Elblag'),
(1303, 47, 'Gdansk'),
(1304, 47, 'Gorzow'),
(1305, 47, 'Jelenia Gora'),
(1306, 47, 'Kalisz'),
(1307, 47, 'Katowice'),
(1308, 47, 'Kielce'),
(1309, 47, 'Konin'),
(1310, 47, 'Koszalin'),
(1311, 47, 'Krakow'),
(1312, 47, 'Krosno'),
(1313, 47, 'Legnica'),
(1314, 47, 'Leszno'),
(1315, 47, 'Lodz'),
(1316, 47, 'Lomza'),
(1317, 47, 'Lublin'),
(1318, 47, 'Nowy Sacz'),
(1319, 47, 'Olsztyn'),
(1320, 47, 'Opole'),
(1321, 47, 'Ostroleka'),
(1322, 47, 'Pila'),
(1323, 47, 'Piotrkow'),
(1324, 47, 'Plock'),
(1325, 47, 'Poznan'),
(1326, 47, 'Przemysl'),
(1327, 47, 'Radom'),
(1328, 47, 'Rzeszow'),
(1329, 47, 'Siedlce'),
(1330, 47, 'Sieradz'),
(1331, 47, 'Skierniewice'),
(1332, 47, 'Slupsk'),
(1333, 47, 'Suwalki'),
(1335, 47, 'Tarnobrzeg'),
(1336, 47, 'Tarnow'),
(1337, 47, 'Torun'),
(1338, 47, 'Walbrzych'),
(1339, 47, 'Warszawa'),
(1340, 47, 'Wloclawek'),
(1341, 47, 'Wroclaw'),
(1342, 47, 'Zamosc'),
(1343, 47, 'Zielona Gora'),
(1344, 47, 'Dolnoslaskie'),
(1345, 47, 'Kujawsko-Pomorskie'),
(1346, 47, 'Lodzkie'),
(1347, 47, 'Lubelskie'),
(1348, 47, 'Lubuskie'),
(1349, 47, 'Malopolskie'),
(1350, 47, 'Mazowieckie'),
(1351, 47, 'Opolskie'),
(1352, 47, 'Podkarpackie'),
(1353, 47, 'Podlaskie'),
(1354, 47, 'Pomorskie'),
(1355, 47, 'Slaskie'),
(1356, 47, 'Swietokrzyskie'),
(1357, 47, 'Warminsko-Mazurskie'),
(1358, 47, 'Wielkopolskie'),
(1359, 47, 'Zachodniopomorskie'),
(1361, 72, 'Alba'),
(1362, 72, 'Arad'),
(1363, 72, 'Arges'),
(1364, 72, 'Bacau'),
(1365, 72, 'Bihor'),
(1366, 72, 'Bistrita-Nasaud'),
(1367, 72, 'Botosani'),
(1368, 72, 'Braila'),
(1369, 72, 'Brasov'),
(1370, 72, 'Bucuresti'),
(1371, 72, 'Buzau'),
(1372, 72, 'Caras-Severin'),
(1373, 72, 'Cluj'),
(1374, 72, 'Constanta'),
(1375, 72, 'Covasna'),
(1376, 72, 'Dambovita'),
(1377, 72, 'Dolj'),
(1378, 72, 'Galati'),
(1379, 72, 'Gorj'),
(1380, 72, 'Harghita'),
(1381, 72, 'Hunedoara'),
(1382, 72, 'Ialomita'),
(1383, 72, 'Iasi'),
(1384, 72, 'Maramures'),
(1385, 72, 'Mehedinti'),
(1386, 72, 'Mures'),
(1387, 72, 'Neamt'),
(1388, 72, 'Olt'),
(1389, 72, 'Prahova'),
(1390, 72, 'Salaj'),
(1391, 72, 'Satu Mare'),
(1392, 72, 'Sibiu'),
(1393, 72, 'Suceava'),
(1394, 72, 'Teleorman'),
(1395, 72, 'Timis'),
(1396, 72, 'Tulcea'),
(1397, 72, 'Vaslui'),
(1398, 72, 'Valcea'),
(1399, 72, 'Vrancea'),
(1400, 72, 'Calarasi'),
(1401, 72, 'Giurgiu'),
(1404, 224, 'Acquaviva'),
(1405, 224, 'Chiesanuova'),
(1406, 224, 'Domagnano'),
(1407, 224, 'Faetano'),
(1408, 224, 'Fiorentino'),
(1409, 224, 'Borgo Maggiore'),
(1410, 224, 'San Marino'),
(1411, 224, 'Monte Giardino'),
(1412, 224, 'Serravalle'),
(1413, 52, 'Banska Bystrica'),
(1414, 52, 'Bratislava'),
(1415, 52, 'Kosice'),
(1416, 52, 'Nitra'),
(1417, 52, 'Presov'),
(1418, 52, 'Trencin'),
(1419, 52, 'Trnava'),
(1420, 52, 'Zilina'),
(1423, 53, 'Beltinci'),
(1425, 53, 'Bohinj'),
(1426, 53, 'Borovnica'),
(1427, 53, 'Bovec'),
(1428, 53, 'Brda'),
(1429, 53, 'Brezice'),
(1430, 53, 'Brezovica'),
(1432, 53, 'Cerklje na Gorenjskem'),
(1434, 53, 'Cerkno'),
(1436, 53, 'Crna na Koroskem'),
(1437, 53, 'Crnomelj'),
(1438, 53, 'Divaca'),
(1439, 53, 'Dobrepolje'),
(1440, 53, 'Dol pri Ljubljani'),
(1443, 53, 'Duplek'),
(1447, 53, 'Gornji Grad'),
(1450, 53, 'Hrastnik'),
(1451, 53, 'Hrpelje-Kozina'),
(1452, 53, 'Idrija'),
(1453, 53, 'Ig'),
(1454, 53, 'Ilirska Bistrica'),
(1455, 53, 'Ivancna Gorica'),
(1462, 53, 'Komen'),
(1463, 53, 'Koper-Capodistria'),
(1464, 53, 'Kozje'),
(1465, 53, 'Kranj'),
(1466, 53, 'Kranjska Gora'),
(1467, 53, 'Krsko'),
(1469, 53, 'Lasko'),
(1470, 53, 'Ljubljana'),
(1471, 53, 'Ljubno'),
(1472, 53, 'Logatec'),
(1475, 53, 'Medvode'),
(1476, 53, 'Menges'),
(1478, 53, 'Mezica'),
(1480, 53, 'Moravce'),
(1482, 53, 'Mozirje'),
(1483, 53, 'Murska Sobota'),
(1487, 53, 'Nova Gorica'),
(1489, 53, 'Ormoz'),
(1491, 53, 'Pesnica'),
(1494, 53, 'Postojna'),
(1497, 53, 'Radece'),
(1498, 53, 'Radenci'),
(1500, 53, 'Radovljica'),
(1502, 53, 'Rogaska Slatina'),
(1505, 53, 'Sencur'),
(1506, 53, 'Sentilj'),
(1508, 53, 'Sevnica'),
(1509, 53, 'Sezana'),
(1511, 53, 'Skofja Loka'),
(1513, 53, 'Slovenj Gradec'),
(1514, 53, 'Slovenske Konjice'),
(1515, 53, 'Smarje pri Jelsah'),
(1521, 53, 'Tolmin'),
(1522, 53, 'Trbovlje'),
(1524, 53, 'Trzic'),
(1526, 53, 'Velenje'),
(1528, 53, 'Vipava'),
(1531, 53, 'Vrhnika'),
(1532, 53, 'Vuzenica'),
(1533, 53, 'Zagorje ob Savi'),
(1535, 53, 'Zelezniki'),
(1536, 53, 'Ziri'),
(1537, 53, 'Zrece'),
(1539, 53, 'Domzale'),
(1540, 53, 'Jesenice'),
(1541, 53, 'Kamnik'),
(1542, 53, 'Kocevje'),
(1544, 53, 'Lenart'),
(1545, 53, 'Litija'),
(1546, 53, 'Ljutomer'),
(1550, 53, 'Maribor'),
(1552, 53, 'Novo Mesto'),
(1553, 53, 'Piran'),
(1554, 53, 'Preddvor'),
(1555, 53, 'Ptuj'),
(1556, 53, 'Ribnica'),
(1558, 53, 'Sentjur pri Celju'),
(1559, 53, 'Slovenska Bistrica'),
(1560, 53, 'Videm'),
(1562, 53, 'Zalec'),
(1564, 109, 'Seychelles'),
(1565, 108, 'Mauritania'),
(1566, 135, 'Senegal'),
(1567, 154, 'Road Town'),
(1568, 165, 'Congo'),
(1569, 166, 'Avarua'),
(1570, 172, 'Malabo'),
(1571, 175, 'Torshavn'),
(1572, 178, 'Papeete'),
(1573, 184, 'St George&#039;s'),
(1574, 186, 'St Peter Port'),
(1575, 188, 'Bissau'),
(1576, 193, 'Saint Helier'),
(1577, 201, 'Fort-de-France'),
(1578, 207, 'Willemstad'),
(1579, 208, 'Noumea'),
(1580, 212, 'Kingston'),
(1581, 215, 'Adamstown'),
(1582, 216, 'Doha'),
(1583, 218, 'Jamestown'),
(1584, 219, 'Basseterre'),
(1585, 220, 'Castries'),
(1586, 221, 'Saint Pierre'),
(1587, 222, 'Kingstown'),
(1588, 225, 'San Tome'),
(1589, 226, 'Belgrade'),
(1590, 227, 'Freetown'),
(1591, 229, 'Mogadishu'),
(1592, 235, 'Fakaofo'),
(1593, 237, 'Port of Spain'),
(1594, 241, 'Mata-Utu'),
(1596, 89, 'Amazonas'),
(1597, 89, 'Ancash'),
(1598, 89, 'Apurímac'),
(1599, 89, 'Arequipa'),
(1600, 89, 'Ayacucho'),
(1601, 89, 'Cajamarca'),
(1602, 89, 'Callao'),
(1603, 89, 'Cusco'),
(1604, 89, 'Huancavelica'),
(1605, 89, 'Huánuco'),
(1606, 89, 'Ica'),
(1607, 89, 'Junín'),
(1608, 89, 'La Libertad'),
(1609, 89, 'Lambayeque'),
(1610, 89, 'Lima'),
(1611, 89, 'Loreto'),
(1612, 89, 'Madre de Dios'),
(1613, 89, 'Moquegua'),
(1614, 89, 'Pasco'),
(1615, 89, 'Piura'),
(1616, 89, 'Puno'),
(1617, 89, 'San Martín'),
(1618, 89, 'Tacna'),
(1619, 89, 'Tumbes'),
(1620, 89, 'Ucayali'),
(1622, 110, 'Alto Paraná'),
(1623, 110, 'Amambay'),
(1624, 110, 'Boquerón'),
(1625, 110, 'Caaguaz&uacute;'),
(1626, 110, 'Caazapá'),
(1627, 110, 'Central'),
(1628, 110, 'Concepción'),
(1629, 110, 'Cordillera'),
(1630, 110, 'Guairá'),
(1631, 110, 'Itap&uacute;a'),
(1632, 110, 'Misiones'),
(1633, 110, 'Neembuc&uacute;'),
(1634, 110, 'Paraguarí'),
(1635, 110, 'Presidente Hayes'),
(1636, 110, 'San Pedro'),
(1637, 110, 'Alto Paraguay'),
(1638, 110, 'Canindey&uacute;'),
(1639, 110, 'Chaco'),
(1642, 111, 'Artigas'),
(1643, 111, 'Canelones'),
(1644, 111, 'Cerro Largo'),
(1645, 111, 'Colonia'),
(1646, 111, 'Durazno'),
(1647, 111, 'Flores'),
(1648, 111, 'Florida'),
(1649, 111, 'Lavalleja'),
(1650, 111, 'Maldonado'),
(1651, 111, 'Montevideo'),
(1652, 111, 'Paysand&uacute;'),
(1653, 111, 'Río Negro'),
(1654, 111, 'Rivera'),
(1655, 111, 'Rocha'),
(1656, 111, 'Salto'),
(1657, 111, 'San José'),
(1658, 111, 'Soriano'),
(1659, 111, 'Tacuarembó'),
(1660, 111, 'Treinta y Tres'),
(1662, 81, 'Región de Tarapacá'),
(1663, 81, 'Región de Antofagasta'),
(1664, 81, 'Región de Atacama'),
(1665, 81, 'Región de Coquimbo'),
(1666, 81, 'Región de Valparaíso'),
(1667, 81, 'Región del Libertador General Bernardo O&#039;Higgins'),
(1668, 81, 'Región del Maule'),
(1669, 81, 'Región del Bío Bío'),
(1670, 81, 'Región de La Araucanía'),
(1671, 81, 'Región de Los Lagos'),
(1672, 81, 'Región Aisén del General Carlos Ibáñez del Campo'),
(1673, 81, 'Región de Magallanes y de la Antártica Chilena'),
(1674, 81, 'Región Metropolitana de Santiago'),
(1676, 185, 'Alta Verapaz'),
(1677, 185, 'Baja Verapaz'),
(1678, 185, 'Chimaltenango'),
(1679, 185, 'Chiquimula'),
(1680, 185, 'El Progreso'),
(1681, 185, 'Escuintla'),
(1682, 185, 'Guatemala'),
(1683, 185, 'Huehuetenango'),
(1684, 185, 'Izabal'),
(1685, 185, 'Jalapa'),
(1686, 185, 'Jutiapa'),
(1687, 185, 'Petén'),
(1688, 185, 'Quetzaltenango'),
(1689, 185, 'Quiché'),
(1690, 185, 'Retalhuleu'),
(1691, 185, 'Sacatepéquez'),
(1692, 185, 'San Marcos'),
(1693, 185, 'Santa Rosa'),
(1694, 185, 'Sololá'),
(1695, 185, 'Suchitepequez'),
(1696, 185, 'Totonicapán'),
(1697, 185, 'Zacapa'),
(1699, 82, 'Amazonas'),
(1700, 82, 'Antioquia'),
(1701, 82, 'Arauca'),
(1702, 82, 'Atlántico'),
(1703, 82, 'Caquetá'),
(1704, 82, 'Cauca'),
(1705, 82, 'César'),
(1706, 82, 'Chocó'),
(1707, 82, 'Córdoba'),
(1708, 82, 'Guaviare'),
(1709, 82, 'Guainía'),
(1710, 82, 'Huila'),
(1711, 82, 'La Guajira'),
(1712, 82, 'Meta'),
(1713, 82, 'Narino'),
(1714, 82, 'Norte de Santander'),
(1715, 82, 'Putumayo'),
(1716, 82, 'Quindío'),
(1717, 82, 'Risaralda'),
(1718, 82, 'San Andrés y Providencia'),
(1719, 82, 'Santander'),
(1720, 82, 'Sucre'),
(1721, 82, 'Tolima'),
(1722, 82, 'Valle del Cauca'),
(1723, 82, 'Vaupés'),
(1724, 82, 'Vichada'),
(1725, 82, 'Casanare'),
(1726, 82, 'Cundinamarca'),
(1727, 82, 'Distrito Especial'),
(1730, 82, 'Caldas'),
(1731, 82, 'Magdalena'),
(1733, 42, 'Aguascalientes'),
(1734, 42, 'Baja California'),
(1735, 42, 'Baja California Sur'),
(1736, 42, 'Campeche'),
(1737, 42, 'Chiapas'),
(1738, 42, 'Chihuahua'),
(1739, 42, 'Coahuila de Zaragoza'),
(1740, 42, 'Colima'),
(1741, 42, 'Distrito Federal'),
(1742, 42, 'Durango'),
(1743, 42, 'Guanajuato'),
(1744, 42, 'Guerrero'),
(1745, 42, 'Hidalgo'),
(1746, 42, 'Jalisco'),
(1747, 42, 'México'),
(1748, 42, 'Michoacán de Ocampo'),
(1749, 42, 'Morelos'),
(1750, 42, 'Nayarit'),
(1751, 42, 'Nuevo León'),
(1752, 42, 'Oaxaca'),
(1753, 42, 'Puebla'),
(1754, 42, 'Querétaro de Arteaga'),
(1755, 42, 'Quintana Roo'),
(1756, 42, 'San Luis Potosí'),
(1757, 42, 'Sinaloa'),
(1758, 42, 'Sonora'),
(1759, 42, 'Tabasco'),
(1760, 42, 'Tamaulipas'),
(1761, 42, 'Tlaxcala'),
(1762, 42, 'Veracruz-Llave'),
(1763, 42, 'Yucatán'),
(1764, 42, 'Zacatecas'),
(1766, 124, 'Bocas del Toro'),
(1767, 124, 'Chiriquí'),
(1768, 124, 'Coclé'),
(1769, 124, 'Colón'),
(1770, 124, 'Darién'),
(1771, 124, 'Herrera'),
(1772, 124, 'Los Santos'),
(1773, 124, 'Panamá'),
(1774, 124, 'San Blas'),
(1775, 124, 'Veraguas'),
(1777, 123, 'Chuquisaca'),
(1778, 123, 'Cochabamba'),
(1779, 123, 'El Beni'),
(1780, 123, 'La Paz'),
(1781, 123, 'Oruro'),
(1782, 123, 'Pando'),
(1783, 123, 'Potosí'),
(1784, 123, 'Santa Cruz'),
(1785, 123, 'Tarija'),
(1787, 36, 'Alajuela'),
(1788, 36, 'Cartago'),
(1789, 36, 'Guanacaste'),
(1790, 36, 'Heredia'),
(1791, 36, 'Limón'),
(1792, 36, 'Puntarenas'),
(1793, 36, 'San José'),
(1795, 103, 'Galápagos'),
(1796, 103, 'Azuay'),
(1797, 103, 'Bolívar'),
(1798, 103, 'Canar'),
(1799, 103, 'Carchi'),
(1800, 103, 'Chimborazo'),
(1801, 103, 'Cotopaxi'),
(1802, 103, 'El Oro'),
(1803, 103, 'Esmeraldas'),
(1804, 103, 'Guayas'),
(1805, 103, 'Imbabura'),
(1806, 103, 'Loja'),
(1807, 103, 'Los Ríos'),
(1808, 103, 'Manabí'),
(1809, 103, 'Morona-Santiago'),
(1810, 103, 'Pastaza'),
(1811, 103, 'Pichincha'),
(1812, 103, 'Tungurahua'),
(1813, 103, 'Zamora-Chinchipe'),
(1814, 103, 'Sucumbíos'),
(1815, 103, 'Napo'),
(1816, 103, 'Orellana'),
(1843, 95, 'Amazonas'),
(1844, 95, 'Anzoategui'),
(1845, 95, 'Apure'),
(1846, 95, 'Aragua'),
(1847, 95, 'Barinas'),
(1848, 95, 'Bolívar'),
(1849, 95, 'Carabobo'),
(1850, 95, 'Cojedes'),
(1851, 95, 'Delta Amacuro'),
(1852, 95, 'Falcón'),
(1853, 95, 'Guárico'),
(1854, 95, 'Lara'),
(1855, 95, 'Mérida'),
(1856, 95, 'Miranda'),
(1857, 95, 'Monagas'),
(1858, 95, 'Nueva Esparta'),
(1859, 95, 'Portuguesa'),
(1860, 95, 'Sucre'),
(1861, 95, 'Táchira'),
(1862, 95, 'Trujillo'),
(1863, 95, 'Yaracuy'),
(1864, 95, 'Zulia'),
(1865, 95, 'Dependencias Federales'),
(1866, 95, 'Distrito Capital'),
(1867, 95, 'Vargas'),
(1869, 209, 'Boaco'),
(1870, 209, 'Carazo'),
(1871, 209, 'Chinandega'),
(1872, 209, 'Chontales'),
(1873, 209, 'Estelí'),
(1874, 209, 'Granada'),
(1875, 209, 'Jinotega'),
(1876, 209, 'León'),
(1877, 209, 'Madriz'),
(1878, 209, 'Managua'),
(1879, 209, 'Masaya'),
(1880, 209, 'Matagalpa'),
(1881, 209, 'Nueva Segovia'),
(1882, 209, 'Rio San Juan'),
(1883, 209, 'Rivas'),
(1884, 209, 'Zelaya'),
(1886, 113, 'Pinar del Rio'),
(1887, 113, 'Ciudad de la Habana'),
(1888, 113, 'Matanzas'),
(1889, 113, 'Isla de la Juventud'),
(1890, 113, 'Camaguey'),
(1891, 113, 'Ciego de Avila'),
(1892, 113, 'Cienfuegos'),
(1893, 113, 'Granma'),
(1894, 113, 'Guantanamo'),
(1895, 113, 'La Habana'),
(1896, 113, 'Holguin'),
(1897, 113, 'Las Tunas'),
(1898, 113, 'Sancti Spiritus'),
(1899, 113, 'Santiago de Cuba'),
(1900, 113, 'Villa Clara'),
(1901, 12, 'Acre'),
(1902, 12, 'Alagoas'),
(1903, 12, 'Amapa'),
(1904, 12, 'Amazonas'),
(1905, 12, 'Bahia'),
(1906, 12, 'Ceara'),
(1907, 12, 'Distrito Federal'),
(1908, 12, 'Espirito Santo'),
(1909, 12, 'Mato Grosso do Sul'),
(1910, 12, 'Maranhao'),
(1911, 12, 'Mato Grosso'),
(1912, 12, 'Minas Gerais'),
(1913, 12, 'Para'),
(1914, 12, 'Paraiba'),
(1915, 12, 'Parana'),
(1916, 12, 'Piaui'),
(1917, 12, 'Rio de Janeiro'),
(1918, 12, 'Rio Grande do Norte'),
(1919, 12, 'Rio Grande do Sul'),
(1920, 12, 'Rondonia'),
(1921, 12, 'Roraima'),
(1922, 12, 'Santa Catarina'),
(1923, 12, 'Sao Paulo'),
(1924, 12, 'Sergipe'),
(1925, 12, 'Goias'),
(1926, 12, 'Pernambuco'),
(1927, 12, 'Tocantins'),
(1930, 83, 'Akureyri'),
(1931, 83, 'Arnessysla'),
(1932, 83, 'Austur-Bardastrandarsysla'),
(1933, 83, 'Austur-Hunavatnssysla'),
(1934, 83, 'Austur-Skaftafellssysla'),
(1935, 83, 'Borgarfjardarsysla'),
(1936, 83, 'Dalasysla'),
(1937, 83, 'Eyjafjardarsysla'),
(1938, 83, 'Gullbringusysla'),
(1939, 83, 'Hafnarfjordur'),
(1943, 83, 'Kjosarsysla'),
(1944, 83, 'Kopavogur'),
(1945, 83, 'Myrasysla'),
(1946, 83, 'Neskaupstadur'),
(1947, 83, 'Nordur-Isafjardarsysla'),
(1948, 83, 'Nordur-Mulasysla'),
(1949, 83, 'Nordur-Tingeyjarsysla'),
(1950, 83, 'Olafsfjordur'),
(1951, 83, 'Rangarvallasysla'),
(1952, 83, 'Reykjavik'),
(1953, 83, 'Saudarkrokur'),
(1954, 83, 'Seydisfjordur'),
(1956, 83, 'Skagafjardarsysla'),
(1957, 83, 'Snafellsnes- og Hnappadalssysla'),
(1958, 83, 'Strandasysla'),
(1959, 83, 'Sudur-Mulasysla'),
(1960, 83, 'Sudur-Tingeyjarsysla'),
(1961, 83, 'Vestmannaeyjar'),
(1962, 83, 'Vestur-Bardastrandarsysla'),
(1964, 83, 'Vestur-Isafjardarsysla'),
(1965, 83, 'Vestur-Skaftafellssysla'),
(1966, 35, 'Anhui'),
(1967, 35, 'Zhejiang'),
(1968, 35, 'Jiangxi'),
(1969, 35, 'Jiangsu'),
(1970, 35, 'Jilin'),
(1971, 35, 'Qinghai'),
(1972, 35, 'Fujian'),
(1973, 35, 'Heilongjiang'),
(1974, 35, 'Henan'),
(1975, 35, 'Hebei'),
(1976, 35, 'Hunan'),
(1977, 35, 'Hubei'),
(1978, 35, 'Xinjiang'),
(1979, 35, 'Xizang'),
(1980, 35, 'Gansu'),
(1981, 35, 'Guangxi'),
(1982, 35, 'Guizhou'),
(1983, 35, 'Liaoning'),
(1984, 35, 'Nei Mongol'),
(1985, 35, 'Ningxia'),
(1986, 35, 'Beijing'),
(1987, 35, 'Shanghai'),
(1988, 35, 'Shanxi'),
(1989, 35, 'Shandong'),
(1990, 35, 'Shaanxi'),
(1991, 35, 'Sichuan'),
(1992, 35, 'Tianjin'),
(1993, 35, 'Yunnan'),
(1994, 35, 'Guangdong'),
(1995, 35, 'Hainan'),
(1996, 35, 'Chongqing'),
(1997, 97, 'Central'),
(1998, 97, 'Coast'),
(1999, 97, 'Eastern'),
(2000, 97, 'Nairobi Area'),
(2001, 97, 'North-Eastern'),
(2002, 97, 'Nyanza'),
(2003, 97, 'Rift Valley'),
(2004, 97, 'Western'),
(2006, 195, 'Gilbert Islands'),
(2007, 195, 'Line Islands'),
(2008, 195, 'Phoenix Islands'),
(2010, 1, 'Australian Capital Territory'),
(2011, 1, 'New South Wales'),
(2012, 1, 'Northern Territory'),
(2013, 1, 'Queensland'),
(2014, 1, 'South Australia'),
(2015, 1, 'Tasmania'),
(2016, 1, 'Victoria'),
(2017, 1, 'Western Australia'),
(2018, 27, 'Dublin'),
(2019, 27, 'Galway'),
(2020, 27, 'Kildare'),
(2021, 27, 'Leitrim'),
(2022, 27, 'Limerick'),
(2023, 27, 'Mayo'),
(2024, 27, 'Meath'),
(2025, 27, 'Carlow'),
(2026, 27, 'Kilkenny'),
(2027, 27, 'Laois'),
(2028, 27, 'Longford'),
(2029, 27, 'Louth'),
(2030, 27, 'Offaly'),
(2031, 27, 'Westmeath'),
(2032, 27, 'Wexford'),
(2033, 27, 'Wicklow'),
(2034, 27, 'Roscommon'),
(2035, 27, 'Sligo'),
(2036, 27, 'Clare'),
(2037, 27, 'Cork'),
(2038, 27, 'Kerry'),
(2039, 27, 'Tipperary'),
(2040, 27, 'Waterford'),
(2041, 27, 'Cavan'),
(2042, 27, 'Donegal'),
(2043, 27, 'Monaghan'),
(2044, 50, 'Karachaeva-Cherkesskaya Respublica'),
(2045, 50, 'Raimirskii (Dolgano-Nenetskii) AO'),
(2046, 50, 'Respublica Tiva'),
(2047, 32, 'Newfoundland'),
(2048, 32, 'Nova Scotia'),
(2049, 32, 'Prince Edward Island'),
(2050, 32, 'New Brunswick'),
(2051, 32, 'Quebec'),
(2052, 32, 'Ontario'),
(2053, 32, 'Manitoba'),
(2054, 32, 'Saskatchewan'),
(2055, 32, 'Alberta'),
(2056, 32, 'British Columbia'),
(2057, 32, 'Nunavut'),
(2058, 32, 'Northwest Territories'),
(2059, 32, 'Yukon Territory'),
(2060, 19, 'Drenthe'),
(2061, 19, 'Friesland'),
(2062, 19, 'Gelderland'),
(2063, 19, 'Groningen'),
(2064, 19, 'Limburg'),
(2065, 19, 'Noord-Brabant'),
(2066, 19, 'Noord-Holland'),
(2067, 19, 'Utrecht'),
(2068, 19, 'Zeeland'),
(2069, 19, 'Zuid-Holland'),
(2071, 19, 'Overijssel'),
(2072, 19, 'Flevoland'),
(2073, 138, 'Duarte'),
(2074, 138, 'Puerto Plata'),
(2075, 138, 'Valverde'),
(2076, 138, 'María Trinidad Sánchez'),
(2077, 138, 'Azua'),
(2078, 138, 'Santiago'),
(2079, 138, 'San Cristóbal'),
(2080, 138, 'Peravia'),
(2081, 138, 'Elías Piña'),
(2082, 138, 'Barahona'),
(2083, 138, 'Monte Plata'),
(2084, 138, 'Salcedo'),
(2085, 138, 'La Altagracia'),
(2086, 138, 'San Juan'),
(2087, 138, 'Monseñor Nouel'),
(2088, 138, 'Monte Cristi'),
(2089, 138, 'Espaillat'),
(2090, 138, 'Sánchez Ramírez'),
(2091, 138, 'La Vega'),
(2092, 138, 'San Pedro de Macorís'),
(2093, 138, 'Independencia'),
(2094, 138, 'Dajabón'),
(2095, 138, 'Baoruco'),
(2096, 138, 'El Seibo'),
(2097, 138, 'Hato Mayor'),
(2098, 138, 'La Romana'),
(2099, 138, 'Pedernales'),
(2100, 138, 'Samaná'),
(2101, 138, 'Santiago Rodríguez'),
(2102, 138, 'San José de Ocoa'),
(2103, 70, 'Chiba'),
(2104, 70, 'Ehime'),
(2105, 70, 'Oita'),
(2106, 85, 'Skopje'),
(2108, 35, 'Schanghai'),
(2109, 35, 'Hongkong'),
(2110, 35, 'Neimenggu'),
(2111, 35, 'Aomen'),
(2112, 92, 'Amnat Charoen'),
(2113, 92, 'Ang Thong'),
(2114, 92, 'Bangkok'),
(2115, 92, 'Buri Ram'),
(2116, 92, 'Chachoengsao'),
(2117, 92, 'Chai Nat'),
(2118, 92, 'Chaiyaphum'),
(2119, 92, 'Chanthaburi'),
(2120, 92, 'Chiang Mai'),
(2121, 92, 'Chiang Rai'),
(2122, 92, 'Chon Buri'),
(2124, 92, 'Kalasin'),
(2126, 92, 'Kanchanaburi'),
(2127, 92, 'Khon Kaen'),
(2128, 92, 'Krabi'),
(2129, 92, 'Lampang'),
(2131, 92, 'Loei'),
(2132, 92, 'Lop Buri'),
(2133, 92, 'Mae Hong Son'),
(2134, 92, 'Maha Sarakham'),
(2137, 92, 'Nakhon Pathom'),
(2139, 92, 'Nakhon Ratchasima'),
(2140, 92, 'Nakhon Sawan'),
(2141, 92, 'Nakhon Si Thammarat'),
(2143, 92, 'Narathiwat'),
(2144, 92, 'Nong Bua Lam Phu'),
(2145, 92, 'Nong Khai'),
(2146, 92, 'Nonthaburi'),
(2147, 92, 'Pathum Thani'),
(2148, 92, 'Pattani'),
(2149, 92, 'Phangnga'),
(2150, 92, 'Phatthalung'),
(2154, 92, 'Phichit'),
(2155, 92, 'Phitsanulok'),
(2156, 92, 'Phra Nakhon Si Ayutthaya'),
(2157, 92, 'Phrae'),
(2158, 92, 'Phuket'),
(2159, 92, 'Prachin Buri'),
(2160, 92, 'Prachuap Khiri Khan'),
(2162, 92, 'Ratchaburi'),
(2163, 92, 'Rayong'),
(2164, 92, 'Roi Et'),
(2165, 92, 'Sa Kaeo'),
(2166, 92, 'Sakon Nakhon'),
(2167, 92, 'Samut Prakan'),
(2168, 92, 'Samut Sakhon'),
(2169, 92, 'Samut Songkhran'),
(2170, 92, 'Saraburi'),
(2172, 92, 'Si Sa Ket'),
(2173, 92, 'Sing Buri'),
(2174, 92, 'Songkhla'),
(2175, 92, 'Sukhothai'),
(2176, 92, 'Suphan Buri'),
(2177, 92, 'Surat Thani'),
(2178, 92, 'Surin'),
(2180, 92, 'Trang'),
(2182, 92, 'Ubon Ratchathani'),
(2183, 92, 'Udon Thani'),
(2184, 92, 'Uthai Thani'),
(2185, 92, 'Uttaradit'),
(2186, 92, 'Yala'),
(2187, 92, 'Yasothon'),
(2188, 69, 'Busan'),
(2189, 69, 'Daegu'),
(2191, 69, 'Gangwon'),
(2192, 69, 'Gwangju'),
(2193, 69, 'Gyeonggi'),
(2194, 69, 'Gyeongsangbuk'),
(2195, 69, 'Gyeongsangnam'),
(2196, 69, 'Jeju'),
(2201, 25, 'Delhi'),
(2202, 5, 'Buenos Aires'),
(2203, 5, 'Capital Federal'),
(2204, 5, 'Catamarca'),
(2205, 5, 'Chaco'),
(2206, 5, 'Chubut'),
(2207, 5, 'Cordoba'),
(2208, 5, 'Corrientes'),
(2209, 5, 'Entre Rios'),
(2210, 5, 'Formosa'),
(2211, 5, 'Jujuy'),
(2212, 5, 'La Pampa'),
(2213, 5, 'La Rioja'),
(2214, 5, 'Mendoza'),
(2215, 5, 'Misiones'),
(2216, 5, 'Neuquen'),
(2217, 5, 'Rio Negro'),
(2218, 5, 'Salta'),
(2219, 5, 'San Juan'),
(2220, 5, 'San Luis'),
(2221, 5, 'Santa Cruz'),
(2222, 5, 'Santa Fe'),
(2223, 5, 'Santiago del Estero'),
(2224, 5, 'Tierra del Fuego'),
(2225, 5, 'Tucuman'),
(2226, 5, 'Buenos Aires - GBA');

-- --------------------------------------------------------

--
-- Estructura de tabla para la tabla `factura`
--

CREATE TABLE `factura` (
  `idFactura` int(11) NOT NULL,
  `idPersona` int(11) NOT NULL,
  `idNotaDeCredito` int(11) DEFAULT NULL,
  `idEstadia` int(11) NOT NULL,
  `fecha` date NOT NULL,
  `importeNeto` float NOT NULL,
  `importeTotal` float NOT NULL,
  `pagada` tinyint(1) NOT NULL,
  `tipoFactura` varchar(5) NOT NULL,
  `montoIVA` float NOT NULL
) ENGINE=InnoDB DEFAULT CHARSET=latin1;

--
-- Volcado de datos para la tabla `factura`
--

INSERT INTO `factura` (`idFactura`, `idPersona`, `idNotaDeCredito`, `idEstadia`, `fecha`, `importeNeto`, `importeTotal`, `pagada`, `tipoFactura`, `montoIVA`) VALUES
(33, 68, NULL, 3, '2021-12-09', 31200, 31200, 0, 'B', 0),
(34, 70, NULL, 3, '2021-12-09', 28000, 33880, 0, 'A', 5880);

-- --------------------------------------------------------

--
-- Estructura de tabla para la tabla `fechareserva`
--

CREATE TABLE `fechareserva` (
  `idReserva` int(11) NOT NULL,
  `idHabitacion` int(11) NOT NULL,
  `fechaDesde` date NOT NULL,
  `horaDesde` time NOT NULL,
  `fechaHasta` date NOT NULL,
  `horaHasta` time NOT NULL
) ENGINE=InnoDB DEFAULT CHARSET=latin1;

--
-- Volcado de datos para la tabla `fechareserva`
--

INSERT INTO `fechareserva` (`idReserva`, `idHabitacion`, `fechaDesde`, `horaDesde`, `fechaHasta`, `horaHasta`) VALUES
(1, 6, '2021-10-30', '12:00:00', '2021-11-04', '10:00:00'),
(1, 7, '2021-11-23', '12:00:00', '2021-11-25', '10:00:00'),
(2, 7, '2021-11-01', '12:00:00', '2021-11-06', '10:00:00'),
(3, 6, '2021-10-20', '12:00:00', '2021-10-29', '10:00:00'),
(4, 3, '2021-11-07', '12:00:00', '2021-11-14', '10:00:00'),
(5, 5, '2021-11-08', '12:00:00', '2021-11-10', '10:00:00'),
(6, 7, '2021-11-15', '12:00:00', '2021-11-19', '10:00:00'),
(7, 6, '2021-11-05', '12:00:00', '2021-11-08', '10:00:00'),
(8, 29, '2021-12-01', '12:00:00', '2021-12-07', '10:00:00'),
(9, 30, '2021-12-08', '12:00:00', '2021-12-12', '10:00:00'),
(10, 31, '2021-12-05', '12:00:00', '2021-12-15', '10:00:00'),
(11, 32, '2021-12-20', '12:00:00', '2021-12-31', '10:00:00'),
(12, 33, '2021-12-20', '12:00:00', '2021-12-22', '10:00:00'),
(13, 34, '2021-12-06', '12:00:00', '2021-12-08', '10:00:00'),
(14, 35, '2021-12-14', '12:00:00', '2021-12-16', '10:00:00'),
(15, 36, '2021-12-01', '12:00:00', '2021-12-07', '10:00:00'),
(16, 29, '2021-12-14', '12:00:00', '2021-12-16', '10:00:00'),
(17, 32, '2021-12-01', '12:00:00', '2021-12-05', '10:00:00'),
(18, 36, '2021-12-14', '12:00:00', '2021-12-16', '10:00:00'),
(19, 1, '2021-12-02', '12:00:00', '2021-12-09', '10:00:00'),
(20, 2, '2021-12-03', '12:00:00', '2021-12-06', '10:00:00'),
(21, 3, '2021-12-01', '12:00:00', '2021-12-05', '10:00:00'),
(22, 4, '2021-12-05', '12:00:00', '2021-12-09', '10:00:00'),
(23, 5, '2021-12-01', '12:00:00', '2021-12-09', '10:00:00'),
(24, 6, '2021-12-02', '12:00:00', '2021-12-09', '10:00:00'),
(25, 7, '2021-12-04', '12:00:00', '2021-12-07', '10:00:00'),
(26, 8, '2021-12-01', '12:00:00', '2021-12-06', '10:00:00'),
(27, 9, '2021-12-02', '12:00:00', '2021-12-09', '10:00:00'),
(28, 10, '2021-12-07', '12:00:00', '2021-12-09', '10:00:00'),
(29, 47, '2021-12-01', '12:00:00', '2021-12-09', '10:00:00'),
(30, 11, '2021-12-01', '12:00:00', '2021-12-05', '10:00:00'),
(30, 48, '2021-12-05', '12:00:00', '2021-12-09', '10:00:00'),
(31, 11, '2021-12-10', '12:00:00', '2021-12-12', '10:00:00'),
(32, 12, '2021-12-08', '12:00:00', '2021-12-11', '10:00:00'),
(33, 13, '2021-12-13', '12:00:00', '2021-12-16', '10:00:00'),
(34, 14, '2021-12-11', '12:00:00', '2021-12-12', '10:00:00'),
(35, 14, '2021-12-13', '12:00:00', '2021-12-15', '10:00:00'),
(36, 15, '2021-12-02', '12:00:00', '2021-12-06', '10:00:00'),
(37, 16, '2021-12-15', '12:00:00', '2021-12-18', '10:00:00'),
(38, 17, '2021-12-20', '12:00:00', '2021-12-22', '10:00:00'),
(39, 18, '2021-12-07', '12:00:00', '2021-12-11', '10:00:00'),
(40, 19, '2021-12-03', '12:00:00', '2021-12-09', '10:00:00'),
(41, 20, '2021-12-13', '12:00:00', '2021-12-16', '10:00:00'),
(42, 21, '2021-12-06', '12:00:00', '2021-12-10', '10:00:00'),
(43, 22, '2021-12-01', '12:00:00', '2021-12-05', '10:00:00'),
(44, 23, '2021-12-10', '12:00:00', '2021-12-15', '10:00:00'),
(45, 24, '2021-12-17', '12:00:00', '2021-12-20', '10:00:00'),
(46, 25, '2021-12-02', '12:00:00', '2021-12-05', '10:00:00'),
(47, 26, '2021-12-11', '12:00:00', '2021-12-13', '10:00:00'),
(48, 27, '2021-12-10', '12:00:00', '2021-12-16', '10:00:00'),
(49, 16, '2021-12-10', '12:00:00', '2021-12-12', '10:00:00'),
(50, 18, '2021-12-13', '12:00:00', '2021-12-16', '10:00:00'),
(51, 37, '2021-12-01', '12:00:00', '2021-12-12', '10:00:00'),
(52, 38, '2021-12-05', '12:00:00', '2021-12-12', '10:00:00'),
(53, 39, '2021-12-14', '12:00:00', '2021-12-26', '10:00:00'),
(54, 40, '2021-12-15', '12:00:00', '2021-12-31', '10:00:00'),
(55, 41, '2021-12-14', '12:00:00', '2021-12-23', '10:00:00'),
(56, 42, '2021-12-12', '12:00:00', '2021-12-20', '10:00:00'),
(57, 43, '2021-12-10', '12:00:00', '2021-12-17', '10:00:00'),
(58, 44, '2021-12-08', '12:00:00', '2021-12-14', '10:00:00'),
(59, 45, '2021-12-16', '12:00:00', '2021-12-26', '10:00:00'),
(60, 46, '2021-12-01', '12:00:00', '2021-12-15', '10:00:00');

-- --------------------------------------------------------

--
-- Estructura de tabla para la tabla `habitacion`
--

CREATE TABLE `habitacion` (
  `id` int(11) NOT NULL,
  `nro` varchar(10) NOT NULL,
  `idTipoHabitacion` int(11) NOT NULL
) ENGINE=InnoDB DEFAULT CHARSET=latin1;

--
-- Volcado de datos para la tabla `habitacion`
--

INSERT INTO `habitacion` (`id`, `nro`, `idTipoHabitacion`) VALUES
(1, 'H1', 1),
(2, 'H2', 1),
(3, 'H3', 1),
(4, 'H4', 1),
(5, 'H5', 1),
(6, 'H6', 1),
(7, 'H7', 1),
(8, 'H8', 1),
(9, 'H9', 1),
(10, 'H10', 1),
(11, 'H11', 2),
(12, 'H12', 2),
(13, 'H13', 2),
(14, 'H14', 2),
(15, 'H15', 2),
(16, 'H16', 2),
(17, 'H17', 2),
(18, 'H18', 2),
(19, 'H19', 2),
(20, 'H20', 2),
(21, 'H21', 2),
(22, 'H22', 2),
(23, 'H23', 2),
(24, 'H24', 2),
(25, 'H25', 2),
(26, 'H26', 2),
(27, 'H27', 2),
(28, 'H28', 2),
(29, 'H29', 3),
(30, 'H30', 3),
(31, 'H31', 3),
(32, 'H32', 3),
(33, 'H33', 3),
(34, 'H34', 3),
(35, 'H35', 3),
(36, 'H36', 3),
(37, 'H37', 4),
(38, 'H38', 4),
(39, 'H39', 4),
(40, 'H40', 4),
(41, 'H41', 4),
(42, 'H42', 4),
(43, 'H43', 4),
(44, 'H44', 4),
(45, 'H45', 4),
(46, 'H46', 4),
(47, 'H47', 5),
(48, 'H48', 5);

-- --------------------------------------------------------

--
-- Estructura de tabla para la tabla `inhabilitado`
--

CREATE TABLE `inhabilitado` (
  `id` int(11) NOT NULL,
  `idHabitacion` int(11) NOT NULL,
  `fechaDesde` date NOT NULL,
  `fechaHasta` date NOT NULL,
  `motivo` varchar(250) NOT NULL
) ENGINE=InnoDB DEFAULT CHARSET=latin1;

--
-- Volcado de datos para la tabla `inhabilitado`
--

INSERT INTO `inhabilitado` (`id`, `idHabitacion`, `fechaDesde`, `fechaHasta`, `motivo`) VALUES
(1, 4, '2021-11-01', '2021-11-03', 'EN_MANTENIMIENTO'),
(2, 29, '2021-12-08', '2021-12-10', 'EN_LIMPIEZA'),
(3, 30, '2021-12-25', '2021-12-27', 'EN_LIMPIEZA'),
(4, 31, '2021-12-20', '2021-12-31', 'EN_MANTENIMIENTO'),
(5, 32, '2021-12-10', '2021-12-15', 'FALTA_DE_PERSONAL'),
(6, 33, '2021-12-04', '2021-12-05', 'EN_LIMPIEZA'),
(7, 34, '2021-12-09', '2021-12-19', 'EN_MANTENIMIENTO'),
(8, 35, '2021-12-01', '2021-12-13', 'EN_MANTENIMIENTO'),
(9, 36, '2021-12-18', '2021-12-20', 'FALTA_DE_PERSONAL'),
(10, 1, '2021-12-10', '2021-12-11', 'EN_LIMPIEZA'),
(11, 3, '2021-12-05', '2021-12-06', 'FALTA_DE_PERSONAL'),
(12, 7, '2021-12-01', '2021-12-03', 'EN_MANTENIMIENTO'),
(13, 4, '2021-12-02', '2021-12-04', 'EN_LIMPIEZA'),
(14, 6, '2021-12-10', '2021-12-11', 'FALTA_DE_PERSONAL'),
(15, 2, '2021-12-07', '2021-12-11', 'FALTA_DE_PERSONAL'),
(16, 47, '2021-12-10', '2021-12-13', 'EN_LIMPIEZA'),
(17, 48, '2021-12-01', '2021-12-03', 'EN_LIMPIEZA'),
(18, 12, '2021-12-15', '2021-12-17', 'EN_MANTENIMIENTO'),
(19, 13, '2021-12-18', '2021-12-20', 'EN_MANTENIMIENTO'),
(20, 16, '2021-12-02', '2021-12-05', 'FALTA_DE_PERSONAL'),
(21, 17, '2021-12-18', '2021-12-24', 'EN_MANTENIMIENTO'),
(22, 19, '2021-12-15', '2021-12-16', 'EN_LIMPIEZA'),
(23, 28, '2021-12-10', '2021-12-17', 'EN_MANTENIMIENTO'),
(24, 27, '2021-12-01', '2021-12-05', 'EN_MANTENIMIENTO'),
(25, 25, '2021-12-09', '2021-12-15', 'FALTA_DE_PERSONAL'),
(26, 23, '2021-12-16', '2021-12-28', 'EN_LIMPIEZA'),
(27, 22, '2021-12-12', '2021-12-15', 'FALTA_DE_PERSONAL'),
(28, 20, '2021-12-01', '2021-12-14', 'EN_MANTENIMIENTO'),
(29, 37, '2021-12-14', '2021-12-15', 'EN_LIMPIEZA'),
(30, 38, '2021-12-01', '2021-12-04', 'EN_MANTENIMIENTO'),
(31, 39, '2021-12-12', '2021-12-13', 'FALTA_DE_PERSONAL'),
(32, 40, '2021-12-01', '2021-12-02', 'EN_LIMPIEZA'),
(33, 41, '2021-12-30', '2021-12-31', 'FALTA_DE_PERSONAL'),
(34, 42, '2021-12-22', '2021-12-23', 'EN_LIMPIEZA'),
(35, 43, '2021-12-18', '2021-12-25', 'EN_MANTENIMIENTO'),
(36, 44, '2021-12-03', '2021-12-05', 'EN_MANTENIMIENTO'),
(37, 45, '2021-12-10', '2021-12-12', 'FALTA_DE_PERSONAL'),
(38, 46, '2021-12-19', '2021-12-20', 'EN_LIMPIEZA');

-- --------------------------------------------------------

--
-- Estructura de tabla para la tabla `itembar`
--

CREATE TABLE `itembar` (
  `idItemBar` int(11) NOT NULL,
  `descripcionBar` varchar(250) NOT NULL,
  `precioUnitario` float NOT NULL
) ENGINE=InnoDB DEFAULT CHARSET=latin1;

--
-- Volcado de datos para la tabla `itembar`
--

INSERT INTO `itembar` (`idItemBar`, `descripcionBar`, `precioUnitario`) VALUES
(1, 'Gaseosa Coca-Cola', 100),
(2, 'Asado a la parrilla', 1000),
(3, 'Pollo al champignon', 1000),
(4, 'Menú del día', 600),
(5, 'Milanesa con papas fritas', 400),
(6, 'Gaseosa Seven-Up', 100),
(7, 'Milanesas con papas fritas', 850),
(8, 'Sorrentinos con salsa', 780),
(9, 'Tostado jyq', 200),
(10, 'Bondiola a la cerveza', 1200),
(11, 'Menu del dia', 750),
(12, 'Pizza con rucula', 700),
(13, 'Medialunas', 125),
(14, 'Jugo exprimido', 130),
(15, 'Hamburguesa con papas fritas', 540),
(16, 'Volcan de chocolate', 400),
(17, 'Risotto', 750);

-- --------------------------------------------------------

--
-- Estructura de tabla para la tabla `itemestadia`
--

CREATE TABLE `itemestadia` (
  `idItemFactura` int(11) NOT NULL,
  `idEstadia` int(11) NOT NULL,
  `extra` tinyint(1) NOT NULL
) ENGINE=InnoDB DEFAULT CHARSET=latin1;

--
-- Volcado de datos para la tabla `itemestadia`
--

INSERT INTO `itemestadia` (`idItemFactura`, `idEstadia`, `extra`) VALUES
(50, 3, 1),
(51, 3, 0),
(56, 3, 0);

-- --------------------------------------------------------

--
-- Estructura de tabla para la tabla `itemfactura`
--

CREATE TABLE `itemfactura` (
  `idItemFactura` int(11) NOT NULL,
  `idFactura` int(11) NOT NULL,
  `descripcion` varchar(250) NOT NULL,
  `precioItem` float NOT NULL,
  `precioUnitario` float NOT NULL,
  `cantidad` int(11) NOT NULL
) ENGINE=InnoDB DEFAULT CHARSET=latin1;

--
-- Volcado de datos para la tabla `itemfactura`
--

INSERT INTO `itemfactura` (`idItemFactura`, `idFactura`, `descripcion`, `precioItem`, `precioUnitario`, `cantidad`) VALUES
(50, 33, 'Extra Estadia dia entero', 4200, 4200, 1),
(51, 33, 'Estadia Habitacion Individual Estandar', 16800, 4200, 4),
(52, 33, 'Lavado y Planchado', 1800, 600, 3),
(53, 33, 'Lavado y Planchado', 4000, 2000, 2),
(54, 33, 'Lavado y Planchado', 3200, 1600, 2),
(55, 33, 'lavado y planchado', 1200, 600, 2),
(56, 34, 'Estadia Habitacion Individual Estandar', 21000, 4200, 5),
(57, 34, 'Sauna', 600, 300, 2),
(58, 34, 'Bar', 2400, 1200, 2),
(59, 34, 'Bar', 4000, 4000, 1);

-- --------------------------------------------------------

--
-- Estructura de tabla para la tabla `itemservicio`
--

CREATE TABLE `itemservicio` (
  `idItemFactura` int(11) NOT NULL,
  `idServicio` int(11) NOT NULL
) ENGINE=InnoDB DEFAULT CHARSET=latin1;

--
-- Volcado de datos para la tabla `itemservicio`
--

INSERT INTO `itemservicio` (`idItemFactura`, `idServicio`) VALUES
(52, 2),
(53, 3),
(54, 4),
(55, 49),
(57, 16),
(58, 17),
(59, 18);

-- --------------------------------------------------------

--
-- Estructura de tabla para la tabla `lavadoyplanchado`
--

CREATE TABLE `lavadoyplanchado` (
  `idServicio` int(11) NOT NULL,
  `idTipoPrenda` int(11) NOT NULL
) ENGINE=InnoDB DEFAULT CHARSET=latin1;

--
-- Volcado de datos para la tabla `lavadoyplanchado`
--

INSERT INTO `lavadoyplanchado` (`idServicio`, `idTipoPrenda`) VALUES
(1, 1),
(6, 1),
(5, 2),
(7, 2),
(2, 3),
(51, 3),
(46, 4),
(52, 4),
(42, 5),
(47, 5),
(50, 5),
(43, 9),
(49, 9),
(8, 10),
(3, 11),
(4, 13),
(9, 13),
(44, 13),
(45, 13),
(48, 13);

-- --------------------------------------------------------

--
-- Estructura de tabla para la tabla `localidad`
--

CREATE TABLE `localidad` (
  `id` int(11) NOT NULL,
  `id_provincia` int(11) NOT NULL,
  `localidad` varchar(250) NOT NULL
) ENGINE=InnoDB DEFAULT CHARSET=latin1;

--
-- Volcado de datos para la tabla `localidad`
--

INSERT INTO `localidad` (`id`, `id_provincia`, `localidad`) VALUES
(1, 2202, '25 de Mayo'),
(2, 2202, '3 de febrero'),
(3, 2202, 'A. Alsina'),
(4, 2202, 'A. Gonzáles Cháves'),
(5, 2202, 'Aguas Verdes'),
(6, 2202, 'Alberti'),
(7, 2202, 'Arrecifes'),
(8, 2202, 'Ayacucho'),
(9, 2202, 'Azul'),
(10, 2202, 'Bahía Blanca'),
(11, 2202, 'Balcarce'),
(12, 2202, 'Baradero'),
(13, 2202, 'Benito Juárez'),
(14, 2202, 'Berisso'),
(15, 2202, 'Bolívar'),
(16, 2202, 'Bragado'),
(17, 2202, 'Brandsen'),
(18, 2202, 'Campana'),
(19, 2202, 'Cañuelas'),
(20, 2202, 'Capilla del Señor'),
(21, 2202, 'Capitán Sarmiento'),
(22, 2202, 'Carapachay'),
(23, 2202, 'Carhue'),
(24, 2202, 'Cariló'),
(25, 2202, 'Carlos Casares'),
(26, 2202, 'Carlos Tejedor'),
(27, 2202, 'Carmen de Areco'),
(28, 2202, 'Carmen de Patagones'),
(29, 2202, 'Castelli'),
(30, 2202, 'Chacabuco'),
(31, 2202, 'Chascomús'),
(32, 2202, 'Chivilcoy'),
(33, 2202, 'Colón'),
(34, 2202, 'Coronel Dorrego'),
(35, 2202, 'Coronel Pringles'),
(36, 2202, 'Coronel Rosales'),
(37, 2202, 'Coronel Suarez'),
(38, 2202, 'Costa Azul'),
(39, 2202, 'Costa Chica'),
(40, 2202, 'Costa del Este'),
(41, 2202, 'Costa Esmeralda'),
(42, 2202, 'Daireaux'),
(43, 2202, 'Darregueira'),
(44, 2202, 'Del Viso'),
(45, 2202, 'Dolores'),
(46, 2202, 'Don Torcuato'),
(47, 2202, 'Ensenada'),
(48, 2202, 'Escobar'),
(49, 2202, 'Exaltación de la Cruz'),
(50, 2202, 'Florentino Ameghino'),
(51, 2202, 'Garín'),
(52, 2202, 'Gral. Alvarado'),
(53, 2202, 'Gral. Alvear'),
(54, 2202, 'Gral. Arenales'),
(55, 2202, 'Gral. Belgrano'),
(56, 2202, 'Gral. Guido'),
(57, 2202, 'Gral. Lamadrid'),
(58, 2202, 'Gral. Las Heras'),
(59, 2202, 'Gral. Lavalle'),
(60, 2202, 'Gral. Madariaga'),
(61, 2202, 'Gral. Pacheco'),
(62, 2202, 'Gral. Paz'),
(63, 2202, 'Gral. Pinto'),
(64, 2202, 'Gral. Pueyrredón'),
(65, 2202, 'Gral. Rodríguez'),
(66, 2202, 'Gral. Viamonte'),
(67, 2202, 'Gral. Villegas'),
(68, 2202, 'Guaminí'),
(69, 2202, 'Guernica'),
(70, 2202, 'Hipólito Yrigoyen'),
(71, 2202, 'Ing. Maschwitz'),
(72, 2202, 'Junín'),
(73, 2202, 'La Plata'),
(74, 2202, 'Laprida'),
(75, 2202, 'Las Flores'),
(76, 2202, 'Las Toninas'),
(77, 2202, 'Leandro N. Alem'),
(78, 2202, 'Lincoln'),
(79, 2202, 'Loberia'),
(80, 2202, 'Lobos'),
(81, 2202, 'Los Cardales'),
(82, 2202, 'Los Toldos'),
(83, 2202, 'Lucila del Mar'),
(84, 2202, 'Luján'),
(85, 2202, 'Magdalena'),
(86, 2202, 'Maipú'),
(87, 2202, 'Mar Chiquita'),
(88, 2202, 'Mar de Ajó'),
(89, 2202, 'Mar de las Pampas'),
(90, 2202, 'Mar del Plata'),
(91, 2202, 'Mar del Tuyú'),
(92, 2202, 'Marcos Paz'),
(93, 2202, 'Mercedes'),
(94, 2202, 'Miramar'),
(95, 2202, 'Monte'),
(96, 2202, 'Monte Hermoso'),
(97, 2202, 'Munro'),
(98, 2202, 'Navarro'),
(99, 2202, 'Necochea'),
(100, 2202, 'Olavarría'),
(101, 2202, 'Partido de la Costa'),
(102, 2202, 'Pehuajó'),
(103, 2202, 'Pellegrini'),
(104, 2202, 'Pergamino'),
(105, 2202, 'Pigüé'),
(106, 2202, 'Pila'),
(107, 2202, 'Pilar'),
(108, 2202, 'Pinamar'),
(109, 2202, 'Pinar del Sol'),
(110, 2202, 'Polvorines'),
(111, 2202, 'Pte. Perón'),
(112, 2202, 'Puán'),
(113, 2202, 'Punta Indio'),
(114, 2202, 'Ramallo'),
(115, 2202, 'Rauch'),
(116, 2202, 'Rivadavia'),
(117, 2202, 'Rojas'),
(118, 2202, 'Roque Pérez'),
(119, 2202, 'Saavedra'),
(120, 2202, 'Saladillo'),
(121, 2202, 'Salliqueló'),
(122, 2202, 'Salto'),
(123, 2202, 'San Andrés de Giles'),
(124, 2202, 'San Antonio de Areco'),
(125, 2202, 'San Antonio de Padua'),
(126, 2202, 'San Bernardo'),
(127, 2202, 'San Cayetano'),
(128, 2202, 'San Clemente del Tuyú'),
(129, 2202, 'San Nicolás'),
(130, 2202, 'San Pedro'),
(131, 2202, 'San Vicente'),
(132, 2202, 'Santa Teresita'),
(133, 2202, 'Suipacha'),
(134, 2202, 'Tandil'),
(135, 2202, 'Tapalqué'),
(136, 2202, 'Tordillo'),
(137, 2202, 'Tornquist'),
(138, 2202, 'Trenque Lauquen'),
(139, 2202, 'Tres Lomas'),
(140, 2202, 'Villa Gesell'),
(141, 2202, 'Villarino'),
(142, 2202, 'Zárate'),
(143, 2226, '11 de Septiembre'),
(144, 2226, '20 de Junio'),
(145, 2226, '25 de Mayo'),
(146, 2226, 'Acassuso'),
(147, 2226, 'Adrogué'),
(148, 2226, 'Aldo Bonzi'),
(149, 2226, 'Área Reserva Cinturón Ecológico'),
(150, 2226, 'Avellaneda'),
(151, 2226, 'Banfield'),
(152, 2226, 'Barrio Parque'),
(153, 2226, 'Barrio Santa Teresita'),
(154, 2226, 'Beccar'),
(155, 2226, 'Bella Vista'),
(156, 2226, 'Berazategui'),
(157, 2226, 'Bernal Este'),
(158, 2226, 'Bernal Oeste'),
(159, 2226, 'Billinghurst'),
(160, 2226, 'Boulogne'),
(161, 2226, 'Burzaco'),
(162, 2226, 'Carapachay'),
(163, 2226, 'Caseros'),
(164, 2226, 'Castelar'),
(165, 2226, 'Churruca'),
(166, 2226, 'Ciudad Evita'),
(167, 2226, 'Ciudad Madero'),
(168, 2226, 'Ciudadela'),
(169, 2226, 'Claypole'),
(170, 2226, 'Crucecita'),
(171, 2226, 'Dock Sud'),
(172, 2226, 'Don Bosco'),
(173, 2226, 'Don Orione'),
(174, 2226, 'El Jagüel'),
(175, 2226, 'El Libertador'),
(176, 2226, 'El Palomar'),
(177, 2226, 'El Tala'),
(178, 2226, 'El Trébol'),
(179, 2226, 'Ezeiza'),
(180, 2226, 'Ezpeleta'),
(181, 2226, 'Florencio Varela'),
(182, 2226, 'Florida'),
(183, 2226, 'Francisco Álvarez'),
(184, 2226, 'Gerli'),
(185, 2226, 'Glew'),
(186, 2226, 'González Catán'),
(187, 2226, 'Gral. Lamadrid'),
(188, 2226, 'Grand Bourg'),
(189, 2226, 'Gregorio de Laferrere'),
(190, 2226, 'Guillermo Enrique Hudson'),
(191, 2226, 'Haedo'),
(192, 2226, 'Hurlingham'),
(193, 2226, 'Ing. Sourdeaux'),
(194, 2226, 'Isidro Casanova'),
(195, 2226, 'Ituzaingó'),
(196, 2226, 'José C. Paz'),
(197, 2226, 'José Ingenieros'),
(198, 2226, 'José Marmol'),
(199, 2226, 'La Lucila'),
(200, 2226, 'La Reja'),
(201, 2226, 'La Tablada'),
(202, 2226, 'Lanús'),
(203, 2226, 'Llavallol'),
(204, 2226, 'Loma Hermosa'),
(205, 2226, 'Lomas de Zamora'),
(206, 2226, 'Lomas del Millón'),
(207, 2226, 'Lomas del Mirador'),
(208, 2226, 'Longchamps'),
(209, 2226, 'Los Polvorines'),
(210, 2226, 'Luis Guillón'),
(211, 2226, 'Malvinas Argentinas'),
(212, 2226, 'Martín Coronado'),
(213, 2226, 'Martínez'),
(214, 2226, 'Merlo'),
(215, 2226, 'Ministro Rivadavia'),
(216, 2226, 'Monte Chingolo'),
(217, 2226, 'Monte Grande'),
(218, 2226, 'Moreno'),
(219, 2226, 'Morón'),
(220, 2226, 'Muñiz'),
(221, 2226, 'Olivos'),
(222, 2226, 'Pablo Nogués'),
(223, 2226, 'Pablo Podestá'),
(224, 2226, 'Paso del Rey'),
(225, 2226, 'Pereyra'),
(226, 2226, 'Piñeiro'),
(227, 2226, 'Plátanos'),
(228, 2226, 'Pontevedra'),
(229, 2226, 'Quilmes'),
(230, 2226, 'Rafael Calzada'),
(231, 2226, 'Rafael Castillo'),
(232, 2226, 'Ramos Mejía'),
(233, 2226, 'Ranelagh'),
(234, 2226, 'Remedios de Escalada'),
(235, 2226, 'Sáenz Peña'),
(236, 2226, 'San Antonio de Padua'),
(237, 2226, 'San Fernando'),
(238, 2226, 'San Francisco Solano'),
(239, 2226, 'San Isidro'),
(240, 2226, 'San José'),
(241, 2226, 'San Justo'),
(242, 2226, 'San Martín'),
(243, 2226, 'San Miguel'),
(244, 2226, 'Santos Lugares'),
(245, 2226, 'Sarandí'),
(246, 2226, 'Sourigues'),
(247, 2226, 'Tapiales'),
(248, 2226, 'Temperley'),
(249, 2226, 'Tigre'),
(250, 2226, 'Tortuguitas'),
(251, 2226, 'Tristán Suárez'),
(252, 2226, 'Trujui'),
(253, 2226, 'Turdera'),
(254, 2226, 'Valentín Alsina'),
(255, 2226, 'Vicente López'),
(256, 2226, 'Villa Adelina'),
(257, 2226, 'Villa Ballester'),
(258, 2226, 'Villa Bosch'),
(259, 2226, 'Villa Caraza'),
(260, 2226, 'Villa Celina'),
(261, 2226, 'Villa Centenario'),
(262, 2226, 'Villa de Mayo'),
(263, 2226, 'Villa Diamante'),
(264, 2226, 'Villa Domínico'),
(265, 2226, 'Villa España'),
(266, 2226, 'Villa Fiorito'),
(267, 2226, 'Villa Guillermina'),
(268, 2226, 'Villa Insuperable'),
(269, 2226, 'Villa José León Suárez'),
(270, 2226, 'Villa La Florida'),
(271, 2226, 'Villa Luzuriaga'),
(272, 2226, 'Villa Martelli'),
(273, 2226, 'Villa Obrera'),
(274, 2226, 'Villa Progreso'),
(275, 2226, 'Villa Raffo'),
(276, 2226, 'Villa Sarmiento'),
(277, 2226, 'Villa Tesei'),
(278, 2226, 'Villa Udaondo'),
(279, 2226, 'Virrey del Pino'),
(280, 2226, 'Wilde'),
(281, 2226, 'William Morris'),
(282, 2203, 'Agronomía'),
(283, 2203, 'Almagro'),
(284, 2203, 'Balvanera'),
(285, 2203, 'Barracas'),
(286, 2203, 'Belgrano'),
(287, 2203, 'Boca'),
(288, 2203, 'Boedo'),
(289, 2203, 'Caballito'),
(290, 2203, 'Chacarita'),
(291, 2203, 'Coghlan'),
(292, 2203, 'Colegiales'),
(293, 2203, 'Constitución'),
(294, 2203, 'Flores'),
(295, 2203, 'Floresta'),
(296, 2203, 'La Paternal'),
(297, 2203, 'Liniers'),
(298, 2203, 'Mataderos'),
(299, 2203, 'Monserrat'),
(300, 2203, 'Monte Castro'),
(301, 2203, 'Nueva Pompeya'),
(302, 2203, 'Núñez'),
(303, 2203, 'Palermo'),
(304, 2203, 'Parque Avellaneda'),
(305, 2203, 'Parque Chacabuco'),
(306, 2203, 'Parque Chas'),
(307, 2203, 'Parque Patricios'),
(308, 2203, 'Puerto Madero'),
(309, 2203, 'Recoleta'),
(310, 2203, 'Retiro'),
(311, 2203, 'Saavedra'),
(312, 2203, 'San Cristóbal'),
(313, 2203, 'San Nicolás'),
(314, 2203, 'San Telmo'),
(315, 2203, 'Vélez Sársfield'),
(316, 2203, 'Versalles'),
(317, 2203, 'Villa Crespo'),
(318, 2203, 'Villa del Parque'),
(319, 2203, 'Villa Devoto'),
(320, 2203, 'Villa Gral. Mitre'),
(321, 2203, 'Villa Lugano'),
(322, 2203, 'Villa Luro'),
(323, 2203, 'Villa Ortúzar'),
(324, 2203, 'Villa Pueyrredón'),
(325, 2203, 'Villa Real'),
(326, 2203, 'Villa Riachuelo'),
(327, 2203, 'Villa Santa Rita'),
(328, 2203, 'Villa Soldati'),
(329, 2203, 'Villa Urquiza'),
(330, 2204, 'Aconquija'),
(331, 2204, 'Ancasti'),
(332, 2204, 'Andalgalá'),
(333, 2204, 'Antofagasta'),
(334, 2204, 'Belén'),
(335, 2204, 'Capayán'),
(336, 2204, 'Capital'),
(338, 2204, 'Corral Quemado'),
(339, 2204, 'El Alto'),
(340, 2204, 'El Rodeo'),
(341, 2204, 'F.Mamerto Esquiú'),
(342, 2204, 'Fiambalá'),
(343, 2204, 'Hualfín'),
(344, 2204, 'Huillapima'),
(345, 2204, 'Icaño'),
(346, 2204, 'La Puerta'),
(347, 2204, 'Las Juntas'),
(348, 2204, 'Londres'),
(349, 2204, 'Los Altos'),
(350, 2204, 'Los Varela'),
(351, 2204, 'Mutquín'),
(352, 2204, 'Paclín'),
(353, 2204, 'Poman'),
(354, 2204, 'Pozo de La Piedra'),
(355, 2204, 'Puerta de Corral'),
(356, 2204, 'Puerta San José'),
(357, 2204, 'Recreo'),
(358, 2204, 'S.F.V de 4'),
(359, 2204, 'San Fernando'),
(360, 2204, 'San Fernando del Valle'),
(361, 2204, 'San José'),
(362, 2204, 'Santa María'),
(363, 2204, 'Santa Rosa'),
(364, 2204, 'Saujil'),
(365, 2204, 'Tapso'),
(366, 2204, 'Tinogasta'),
(367, 2204, 'Valle Viejo'),
(368, 2204, 'Villa Vil'),
(369, 2205, 'Aviá Teraí'),
(370, 2205, 'Barranqueras'),
(371, 2205, 'Basail'),
(372, 2205, 'Campo Largo'),
(373, 2205, 'Capital'),
(374, 2205, 'Capitán Solari'),
(375, 2205, 'Charadai'),
(376, 2205, 'Charata'),
(377, 2205, 'Chorotis'),
(378, 2205, 'Ciervo Petiso'),
(379, 2205, 'Cnel. Du Graty'),
(380, 2205, 'Col. Benítez'),
(381, 2205, 'Col. Elisa'),
(382, 2205, 'Col. Popular'),
(383, 2205, 'Colonias Unidas'),
(384, 2205, 'Concepción'),
(385, 2205, 'Corzuela'),
(386, 2205, 'Cote Lai'),
(387, 2205, 'El Sauzalito'),
(388, 2205, 'Enrique Urien'),
(389, 2205, 'Fontana'),
(390, 2205, 'Fte. Esperanza'),
(391, 2205, 'Gancedo'),
(392, 2205, 'Gral. Capdevila'),
(393, 2205, 'Gral. Pinero'),
(394, 2205, 'Gral. San Martín'),
(395, 2205, 'Gral. Vedia'),
(396, 2205, 'Hermoso Campo'),
(397, 2205, 'I. del Cerrito'),
(398, 2205, 'J.J. Castelli'),
(399, 2205, 'La Clotilde'),
(400, 2205, 'La Eduvigis'),
(401, 2205, 'La Escondida'),
(402, 2205, 'La Leonesa'),
(403, 2205, 'La Tigra'),
(404, 2205, 'La Verde'),
(405, 2205, 'Laguna Blanca'),
(406, 2205, 'Laguna Limpia'),
(407, 2205, 'Lapachito'),
(408, 2205, 'Las Breñas'),
(409, 2205, 'Las Garcitas'),
(410, 2205, 'Las Palmas'),
(411, 2205, 'Los Frentones'),
(412, 2205, 'Machagai'),
(413, 2205, 'Makallé'),
(414, 2205, 'Margarita Belén'),
(415, 2205, 'Miraflores'),
(416, 2205, 'Misión N. Pompeya'),
(417, 2205, 'Napenay'),
(418, 2205, 'Pampa Almirón'),
(419, 2205, 'Pampa del Indio'),
(420, 2205, 'Pampa del Infierno'),
(421, 2205, 'Pdcia. de La Plaza'),
(422, 2205, 'Pdcia. Roca'),
(423, 2205, 'Pdcia. Roque Sáenz Peña'),
(424, 2205, 'Pto. Bermejo'),
(425, 2205, 'Pto. Eva Perón'),
(426, 2205, 'Puero Tirol'),
(427, 2205, 'Puerto Vilelas'),
(428, 2205, 'Quitilipi'),
(429, 2205, 'Resistencia'),
(430, 2205, 'Sáenz Peña'),
(431, 2205, 'Samuhú'),
(432, 2205, 'San Bernardo'),
(433, 2205, 'Santa Sylvina'),
(434, 2205, 'Taco Pozo'),
(435, 2205, 'Tres Isletas'),
(436, 2205, 'Villa Ángela'),
(437, 2205, 'Villa Berthet'),
(438, 2205, 'Villa R. Bermejito'),
(439, 2206, 'Aldea Apeleg'),
(440, 2206, 'Aldea Beleiro'),
(441, 2206, 'Aldea Epulef'),
(442, 2206, 'Alto Río Sengerr'),
(443, 2206, 'Buen Pasto'),
(444, 2206, 'Camarones'),
(445, 2206, 'Carrenleufú'),
(446, 2206, 'Cholila'),
(447, 2206, 'Co. Centinela'),
(448, 2206, 'Colan Conhué'),
(449, 2206, 'Comodoro Rivadavia'),
(450, 2206, 'Corcovado'),
(451, 2206, 'Cushamen'),
(452, 2206, 'Dique F. Ameghino'),
(453, 2206, 'Dolavón'),
(454, 2206, 'Dr. R. Rojas'),
(455, 2206, 'El Hoyo'),
(456, 2206, 'El Maitén'),
(457, 2206, 'Epuyén'),
(458, 2206, 'Esquel'),
(459, 2206, 'Facundo'),
(460, 2206, 'Gaimán'),
(461, 2206, 'Gan Gan'),
(462, 2206, 'Gastre'),
(463, 2206, 'Gdor. Costa'),
(464, 2206, 'Gualjaina'),
(465, 2206, 'J. de San Martín'),
(466, 2206, 'Lago Blanco'),
(467, 2206, 'Lago Puelo'),
(468, 2206, 'Lagunita Salada'),
(469, 2206, 'Las Plumas'),
(470, 2206, 'Los Altares'),
(471, 2206, 'Paso de los Indios'),
(472, 2206, 'Paso del Sapo'),
(473, 2206, 'Pto. Madryn'),
(474, 2206, 'Pto. Pirámides'),
(475, 2206, 'Rada Tilly'),
(476, 2206, 'Rawson'),
(477, 2206, 'Río Mayo'),
(478, 2206, 'Río Pico'),
(479, 2206, 'Sarmiento'),
(480, 2206, 'Tecka'),
(481, 2206, 'Telsen'),
(482, 2206, 'Trelew'),
(483, 2206, 'Trevelin'),
(484, 2206, 'Veintiocho de Julio'),
(485, 2207, 'Achiras'),
(486, 2207, 'Adelia Maria'),
(487, 2207, 'Agua de Oro'),
(488, 2207, 'Alcira Gigena'),
(489, 2207, 'Aldea Santa Maria'),
(490, 2207, 'Alejandro Roca'),
(491, 2207, 'Alejo Ledesma'),
(492, 2207, 'Alicia'),
(493, 2207, 'Almafuerte'),
(494, 2207, 'Alpa Corral'),
(495, 2207, 'Alta Gracia'),
(496, 2207, 'Alto Alegre'),
(497, 2207, 'Alto de Los Quebrachos'),
(498, 2207, 'Altos de Chipion'),
(499, 2207, 'Amboy'),
(500, 2207, 'Ambul'),
(501, 2207, 'Ana Zumaran'),
(502, 2207, 'Anisacate'),
(503, 2207, 'Arguello'),
(504, 2207, 'Arias'),
(505, 2207, 'Arroyito'),
(506, 2207, 'Arroyo Algodon'),
(507, 2207, 'Arroyo Cabral'),
(508, 2207, 'Arroyo Los Patos'),
(509, 2207, 'Assunta'),
(510, 2207, 'Atahona'),
(511, 2207, 'Ausonia'),
(512, 2207, 'Avellaneda'),
(513, 2207, 'Ballesteros'),
(514, 2207, 'Ballesteros Sud'),
(515, 2207, 'Balnearia'),
(516, 2207, 'Bañado de Soto'),
(517, 2207, 'Bell Ville'),
(518, 2207, 'Bengolea'),
(519, 2207, 'Benjamin Gould'),
(520, 2207, 'Berrotaran'),
(521, 2207, 'Bialet Masse'),
(522, 2207, 'Bouwer'),
(523, 2207, 'Brinkmann'),
(524, 2207, 'Buchardo'),
(525, 2207, 'Bulnes'),
(526, 2207, 'Cabalango'),
(527, 2207, 'Calamuchita'),
(528, 2207, 'Calchin'),
(529, 2207, 'Calchin Oeste'),
(530, 2207, 'Calmayo'),
(531, 2207, 'Camilo Aldao'),
(532, 2207, 'Caminiaga'),
(533, 2207, 'Cañada de Luque'),
(534, 2207, 'Cañada de Machado'),
(535, 2207, 'Cañada de Rio Pinto'),
(536, 2207, 'Cañada del Sauce'),
(537, 2207, 'Canals'),
(538, 2207, 'Candelaria Sud'),
(539, 2207, 'Capilla de Remedios'),
(540, 2207, 'Capilla de Siton'),
(541, 2207, 'Capilla del Carmen'),
(542, 2207, 'Capilla del Monte'),
(543, 2207, 'Capital'),
(544, 2207, 'Capitan Gral B. O´Higgins'),
(545, 2207, 'Carnerillo'),
(546, 2207, 'Carrilobo'),
(547, 2207, 'Casa Grande'),
(548, 2207, 'Cavanagh'),
(549, 2207, 'Cerro Colorado'),
(550, 2207, 'Chaján'),
(551, 2207, 'Chalacea'),
(552, 2207, 'Chañar Viejo'),
(553, 2207, 'Chancaní'),
(554, 2207, 'Charbonier'),
(555, 2207, 'Charras'),
(556, 2207, 'Chazón'),
(557, 2207, 'Chilibroste'),
(558, 2207, 'Chucul'),
(559, 2207, 'Chuña'),
(560, 2207, 'Chuña Huasi'),
(561, 2207, 'Churqui Cañada'),
(562, 2207, 'Cienaga Del Coro'),
(563, 2207, 'Cintra'),
(564, 2207, 'Col. Almada'),
(565, 2207, 'Col. Anita'),
(566, 2207, 'Col. Barge'),
(567, 2207, 'Col. Bismark'),
(568, 2207, 'Col. Bremen'),
(569, 2207, 'Col. Caroya'),
(570, 2207, 'Col. Italiana'),
(571, 2207, 'Col. Iturraspe'),
(572, 2207, 'Col. Las Cuatro Esquinas'),
(573, 2207, 'Col. Las Pichanas'),
(574, 2207, 'Col. Marina'),
(575, 2207, 'Col. Prosperidad'),
(576, 2207, 'Col. San Bartolome'),
(577, 2207, 'Col. San Pedro'),
(578, 2207, 'Col. Tirolesa'),
(579, 2207, 'Col. Vicente Aguero'),
(580, 2207, 'Col. Videla'),
(581, 2207, 'Col. Vignaud'),
(582, 2207, 'Col. Waltelina'),
(583, 2207, 'Colazo'),
(584, 2207, 'Comechingones'),
(585, 2207, 'Conlara'),
(586, 2207, 'Copacabana'),
(588, 2207, 'Coronel Baigorria'),
(589, 2207, 'Coronel Moldes'),
(590, 2207, 'Corral de Bustos'),
(591, 2207, 'Corralito'),
(592, 2207, 'Cosquín'),
(593, 2207, 'Costa Sacate'),
(594, 2207, 'Cruz Alta'),
(595, 2207, 'Cruz de Caña'),
(596, 2207, 'Cruz del Eje'),
(597, 2207, 'Cuesta Blanca'),
(598, 2207, 'Dean Funes'),
(599, 2207, 'Del Campillo'),
(600, 2207, 'Despeñaderos'),
(601, 2207, 'Devoto'),
(602, 2207, 'Diego de Rojas'),
(603, 2207, 'Dique Chico'),
(604, 2207, 'El Arañado'),
(605, 2207, 'El Brete'),
(606, 2207, 'El Chacho'),
(607, 2207, 'El Crispín'),
(608, 2207, 'El Fortín'),
(609, 2207, 'El Manzano'),
(610, 2207, 'El Rastreador'),
(611, 2207, 'El Rodeo'),
(612, 2207, 'El Tío'),
(613, 2207, 'Elena'),
(614, 2207, 'Embalse'),
(615, 2207, 'Esquina'),
(616, 2207, 'Estación Gral. Paz'),
(617, 2207, 'Estación Juárez Celman'),
(618, 2207, 'Estancia de Guadalupe'),
(619, 2207, 'Estancia Vieja'),
(620, 2207, 'Etruria'),
(621, 2207, 'Eufrasio Loza'),
(622, 2207, 'Falda del Carmen'),
(623, 2207, 'Freyre'),
(624, 2207, 'Gral. Baldissera'),
(625, 2207, 'Gral. Cabrera'),
(626, 2207, 'Gral. Deheza'),
(627, 2207, 'Gral. Fotheringham'),
(628, 2207, 'Gral. Levalle'),
(629, 2207, 'Gral. Roca'),
(630, 2207, 'Guanaco Muerto'),
(631, 2207, 'Guasapampa'),
(632, 2207, 'Guatimozin'),
(633, 2207, 'Gutenberg'),
(634, 2207, 'Hernando'),
(635, 2207, 'Huanchillas'),
(636, 2207, 'Huerta Grande'),
(637, 2207, 'Huinca Renanco'),
(638, 2207, 'Idiazabal'),
(639, 2207, 'Impira'),
(640, 2207, 'Inriville'),
(641, 2207, 'Isla Verde'),
(642, 2207, 'Italó'),
(643, 2207, 'James Craik'),
(644, 2207, 'Jesús María'),
(645, 2207, 'Jovita'),
(646, 2207, 'Justiniano Posse'),
(647, 2207, 'Km 658'),
(648, 2207, 'L. V. Mansilla'),
(649, 2207, 'La Batea'),
(650, 2207, 'La Calera'),
(651, 2207, 'La Carlota'),
(652, 2207, 'La Carolina'),
(653, 2207, 'La Cautiva'),
(654, 2207, 'La Cesira'),
(655, 2207, 'La Cruz'),
(656, 2207, 'La Cumbre'),
(657, 2207, 'La Cumbrecita'),
(658, 2207, 'La Falda'),
(659, 2207, 'La Francia'),
(660, 2207, 'La Granja'),
(661, 2207, 'La Higuera'),
(662, 2207, 'La Laguna'),
(663, 2207, 'La Paisanita'),
(664, 2207, 'La Palestina'),
(666, 2207, 'La Paquita'),
(667, 2207, 'La Para'),
(668, 2207, 'La Paz'),
(669, 2207, 'La Playa'),
(670, 2207, 'La Playosa'),
(671, 2207, 'La Población'),
(672, 2207, 'La Posta'),
(673, 2207, 'La Puerta'),
(674, 2207, 'La Quinta'),
(675, 2207, 'La Rancherita'),
(676, 2207, 'La Rinconada'),
(677, 2207, 'La Serranita'),
(678, 2207, 'La Tordilla'),
(679, 2207, 'Laborde'),
(680, 2207, 'Laboulaye'),
(681, 2207, 'Laguna Larga'),
(682, 2207, 'Las Acequias'),
(683, 2207, 'Las Albahacas'),
(684, 2207, 'Las Arrias'),
(685, 2207, 'Las Bajadas'),
(686, 2207, 'Las Caleras'),
(687, 2207, 'Las Calles'),
(688, 2207, 'Las Cañadas'),
(689, 2207, 'Las Gramillas'),
(690, 2207, 'Las Higueras'),
(691, 2207, 'Las Isletillas'),
(692, 2207, 'Las Junturas'),
(693, 2207, 'Las Palmas'),
(694, 2207, 'Las Peñas'),
(695, 2207, 'Las Peñas Sud'),
(696, 2207, 'Las Perdices'),
(697, 2207, 'Las Playas'),
(698, 2207, 'Las Rabonas'),
(699, 2207, 'Las Saladas'),
(700, 2207, 'Las Tapias'),
(701, 2207, 'Las Varas'),
(702, 2207, 'Las Varillas'),
(703, 2207, 'Las Vertientes'),
(704, 2207, 'Leguizamón'),
(705, 2207, 'Leones'),
(706, 2207, 'Los Cedros'),
(707, 2207, 'Los Cerrillos'),
(708, 2207, 'Los Chañaritos (C.E)'),
(709, 2207, 'Los Chanaritos (R.S)'),
(710, 2207, 'Los Cisnes'),
(711, 2207, 'Los Cocos'),
(712, 2207, 'Los Cóndores'),
(713, 2207, 'Los Hornillos'),
(714, 2207, 'Los Hoyos'),
(715, 2207, 'Los Mistoles'),
(716, 2207, 'Los Molinos'),
(717, 2207, 'Los Pozos'),
(718, 2207, 'Los Reartes'),
(719, 2207, 'Los Surgentes'),
(720, 2207, 'Los Talares'),
(721, 2207, 'Los Zorros'),
(722, 2207, 'Lozada'),
(723, 2207, 'Luca'),
(724, 2207, 'Luque'),
(725, 2207, 'Luyaba'),
(726, 2207, 'Malagueño'),
(727, 2207, 'Malena'),
(728, 2207, 'Malvinas Argentinas'),
(729, 2207, 'Manfredi'),
(730, 2207, 'Maquinista Gallini'),
(731, 2207, 'Marcos Juárez'),
(732, 2207, 'Marull'),
(733, 2207, 'Matorrales'),
(734, 2207, 'Mattaldi'),
(735, 2207, 'Mayu Sumaj'),
(736, 2207, 'Media Naranja'),
(737, 2207, 'Melo'),
(738, 2207, 'Mendiolaza'),
(739, 2207, 'Mi Granja'),
(740, 2207, 'Mina Clavero'),
(741, 2207, 'Miramar'),
(742, 2207, 'Morrison'),
(743, 2207, 'Morteros'),
(744, 2207, 'Mte. Buey'),
(745, 2207, 'Mte. Cristo'),
(746, 2207, 'Mte. De Los Gauchos'),
(747, 2207, 'Mte. Leña'),
(748, 2207, 'Mte. Maíz'),
(749, 2207, 'Mte. Ralo'),
(750, 2207, 'Nicolás Bruzone'),
(751, 2207, 'Noetinger'),
(752, 2207, 'Nono'),
(753, 2207, 'Nueva 7'),
(754, 2207, 'Obispo Trejo'),
(755, 2207, 'Olaeta'),
(756, 2207, 'Oliva'),
(757, 2207, 'Olivares San Nicolás'),
(758, 2207, 'Onagolty'),
(759, 2207, 'Oncativo'),
(760, 2207, 'Ordoñez'),
(761, 2207, 'Pacheco De Melo'),
(762, 2207, 'Pampayasta N.'),
(763, 2207, 'Pampayasta S.'),
(764, 2207, 'Panaholma'),
(765, 2207, 'Pascanas'),
(766, 2207, 'Pasco'),
(767, 2207, 'Paso del Durazno'),
(768, 2207, 'Paso Viejo'),
(769, 2207, 'Pilar'),
(770, 2207, 'Pincén'),
(771, 2207, 'Piquillín'),
(772, 2207, 'Plaza de Mercedes'),
(773, 2207, 'Plaza Luxardo'),
(774, 2207, 'Porteña'),
(775, 2207, 'Potrero de Garay'),
(776, 2207, 'Pozo del Molle'),
(777, 2207, 'Pozo Nuevo'),
(778, 2207, 'Pueblo Italiano'),
(779, 2207, 'Puesto de Castro'),
(780, 2207, 'Punta del Agua'),
(781, 2207, 'Quebracho Herrado'),
(782, 2207, 'Quilino'),
(783, 2207, 'Rafael García'),
(784, 2207, 'Ranqueles'),
(785, 2207, 'Rayo Cortado'),
(786, 2207, 'Reducción'),
(787, 2207, 'Rincón'),
(788, 2207, 'Río Bamba'),
(789, 2207, 'Río Ceballos'),
(790, 2207, 'Río Cuarto'),
(791, 2207, 'Río de Los Sauces'),
(792, 2207, 'Río Primero'),
(793, 2207, 'Río Segundo'),
(794, 2207, 'Río Tercero'),
(795, 2207, 'Rosales'),
(796, 2207, 'Rosario del Saladillo'),
(797, 2207, 'Sacanta'),
(798, 2207, 'Sagrada Familia'),
(799, 2207, 'Saira'),
(800, 2207, 'Saladillo'),
(801, 2207, 'Saldán'),
(802, 2207, 'Salsacate'),
(803, 2207, 'Salsipuedes'),
(804, 2207, 'Sampacho'),
(805, 2207, 'San Agustín'),
(806, 2207, 'San Antonio de Arredondo'),
(807, 2207, 'San Antonio de Litín'),
(808, 2207, 'San Basilio'),
(809, 2207, 'San Carlos Minas'),
(810, 2207, 'San Clemente'),
(811, 2207, 'San Esteban'),
(812, 2207, 'San Francisco'),
(813, 2207, 'San Ignacio'),
(814, 2207, 'San Javier'),
(815, 2207, 'San Jerónimo'),
(816, 2207, 'San Joaquín'),
(817, 2207, 'San José de La Dormida'),
(818, 2207, 'San José de Las Salinas'),
(819, 2207, 'San Lorenzo'),
(820, 2207, 'San Marcos Sierras'),
(821, 2207, 'San Marcos Sud'),
(822, 2207, 'San Pedro'),
(823, 2207, 'San Pedro N.'),
(824, 2207, 'San Roque'),
(825, 2207, 'San Vicente'),
(826, 2207, 'Santa Catalina'),
(827, 2207, 'Santa Elena'),
(828, 2207, 'Santa Eufemia'),
(829, 2207, 'Santa Maria'),
(830, 2207, 'Sarmiento'),
(831, 2207, 'Saturnino M.Laspiur'),
(832, 2207, 'Sauce Arriba'),
(833, 2207, 'Sebastián Elcano'),
(834, 2207, 'Seeber'),
(835, 2207, 'Segunda Usina'),
(836, 2207, 'Serrano'),
(837, 2207, 'Serrezuela'),
(838, 2207, 'Sgo. Temple'),
(839, 2207, 'Silvio Pellico'),
(840, 2207, 'Simbolar'),
(841, 2207, 'Sinsacate'),
(842, 2207, 'Sta. Rosa de Calamuchita'),
(843, 2207, 'Sta. Rosa de Río Primero'),
(844, 2207, 'Suco'),
(845, 2207, 'Tala Cañada'),
(846, 2207, 'Tala Huasi'),
(847, 2207, 'Talaini'),
(848, 2207, 'Tancacha'),
(849, 2207, 'Tanti'),
(850, 2207, 'Ticino'),
(851, 2207, 'Tinoco'),
(852, 2207, 'Tío Pujio'),
(853, 2207, 'Toledo'),
(854, 2207, 'Toro Pujio'),
(855, 2207, 'Tosno'),
(856, 2207, 'Tosquita'),
(857, 2207, 'Tránsito'),
(858, 2207, 'Tuclame'),
(859, 2207, 'Tutti'),
(860, 2207, 'Ucacha'),
(861, 2207, 'Unquillo'),
(862, 2207, 'Valle de Anisacate'),
(863, 2207, 'Valle Hermoso'),
(864, 2207, 'Vélez Sarfield'),
(865, 2207, 'Viamonte'),
(866, 2207, 'Vicuña Mackenna'),
(867, 2207, 'Villa Allende'),
(868, 2207, 'Villa Amancay'),
(869, 2207, 'Villa Ascasubi'),
(870, 2207, 'Villa Candelaria N.'),
(871, 2207, 'Villa Carlos Paz'),
(872, 2207, 'Villa Cerro Azul'),
(873, 2207, 'Villa Ciudad de América'),
(874, 2207, 'Villa Ciudad Pque Los Reartes'),
(875, 2207, 'Villa Concepción del Tío'),
(876, 2207, 'Villa Cura Brochero'),
(877, 2207, 'Villa de Las Rosas'),
(878, 2207, 'Villa de María'),
(879, 2207, 'Villa de Pocho'),
(880, 2207, 'Villa de Soto'),
(881, 2207, 'Villa del Dique'),
(882, 2207, 'Villa del Prado'),
(883, 2207, 'Villa del Rosario'),
(884, 2207, 'Villa del Totoral'),
(885, 2207, 'Villa Dolores'),
(886, 2207, 'Villa El Chancay'),
(887, 2207, 'Villa Elisa'),
(888, 2207, 'Villa Flor Serrana'),
(889, 2207, 'Villa Fontana'),
(890, 2207, 'Villa Giardino'),
(891, 2207, 'Villa Gral. Belgrano'),
(892, 2207, 'Villa Gutierrez'),
(893, 2207, 'Villa Huidobro'),
(894, 2207, 'Villa La Bolsa'),
(895, 2207, 'Villa Los Aromos'),
(896, 2207, 'Villa Los Patos'),
(897, 2207, 'Villa María'),
(898, 2207, 'Villa Nueva'),
(899, 2207, 'Villa Pque. Santa Ana'),
(900, 2207, 'Villa Pque. Siquiman'),
(901, 2207, 'Villa Quillinzo'),
(902, 2207, 'Villa Rossi'),
(903, 2207, 'Villa Rumipal'),
(904, 2207, 'Villa San Esteban'),
(905, 2207, 'Villa San Isidro'),
(906, 2207, 'Villa 21'),
(907, 2207, 'Villa Sarmiento (G.R)'),
(908, 2207, 'Villa Sarmiento (S.A)'),
(909, 2207, 'Villa Tulumba'),
(910, 2207, 'Villa Valeria'),
(911, 2207, 'Villa Yacanto'),
(912, 2207, 'Washington'),
(913, 2207, 'Wenceslao Escalante'),
(914, 2207, 'Ycho Cruz Sierras'),
(915, 2208, 'Alvear'),
(916, 2208, 'Bella Vista'),
(917, 2208, 'Berón de Astrada'),
(918, 2208, 'Bonpland'),
(919, 2208, 'Caá Cati'),
(920, 2208, 'Capital'),
(921, 2208, 'Chavarría'),
(922, 2208, 'Col. C. Pellegrini'),
(923, 2208, 'Col. Libertad'),
(924, 2208, 'Col. Liebig'),
(925, 2208, 'Col. Sta Rosa'),
(926, 2208, 'Concepción'),
(927, 2208, 'Cruz de Los Milagros'),
(928, 2208, 'Curuzú-Cuatiá'),
(929, 2208, 'Empedrado'),
(930, 2208, 'Esquina'),
(931, 2208, 'Estación Torrent'),
(932, 2208, 'Felipe Yofré'),
(933, 2208, 'Garruchos'),
(934, 2208, 'Gdor. Agrónomo'),
(935, 2208, 'Gdor. Martínez'),
(936, 2208, 'Goya'),
(937, 2208, 'Guaviravi'),
(938, 2208, 'Herlitzka'),
(939, 2208, 'Ita-Ibate'),
(940, 2208, 'Itatí'),
(941, 2208, 'Ituzaingó'),
(942, 2208, 'José Rafael Gómez'),
(943, 2208, 'Juan Pujol'),
(944, 2208, 'La Cruz'),
(945, 2208, 'Lavalle'),
(946, 2208, 'Lomas de Vallejos'),
(947, 2208, 'Loreto'),
(948, 2208, 'Mariano I. Loza'),
(949, 2208, 'Mburucuyá'),
(950, 2208, 'Mercedes'),
(951, 2208, 'Mocoretá'),
(952, 2208, 'Mte. Caseros'),
(953, 2208, 'Nueve de Julio'),
(954, 2208, 'Palmar Grande'),
(955, 2208, 'Parada Pucheta'),
(956, 2208, 'Paso de La Patria'),
(957, 2208, 'Paso de Los Libres'),
(958, 2208, 'Pedro R. Fernandez'),
(959, 2208, 'Perugorría'),
(960, 2208, 'Pueblo Libertador'),
(961, 2208, 'Ramada Paso'),
(962, 2208, 'Riachuelo'),
(963, 2208, 'Saladas'),
(964, 2208, 'San Antonio'),
(965, 2208, 'San Carlos'),
(966, 2208, 'San Cosme'),
(967, 2208, 'San Lorenzo'),
(968, 2208, '20 del Palmar'),
(969, 2208, 'San Miguel'),
(970, 2208, 'San Roque'),
(971, 2208, 'Santa Ana'),
(972, 2208, 'Santa Lucía'),
(973, 2208, 'Santo Tomé'),
(974, 2208, 'Sauce'),
(975, 2208, 'Tabay'),
(976, 2208, 'Tapebicuá'),
(977, 2208, 'Tatacua'),
(978, 2208, 'Virasoro'),
(979, 2208, 'Yapeyú'),
(980, 2208, 'Yataití Calle'),
(981, 2209, 'Alarcón'),
(982, 2209, 'Alcaraz'),
(983, 2209, 'Alcaraz N.'),
(984, 2209, 'Alcaraz S.'),
(985, 2209, 'Aldea Asunción'),
(986, 2209, 'Aldea Brasilera'),
(987, 2209, 'Aldea Elgenfeld'),
(988, 2209, 'Aldea Grapschental'),
(989, 2209, 'Aldea Ma. Luisa'),
(990, 2209, 'Aldea Protestante'),
(991, 2209, 'Aldea Salto'),
(992, 2209, 'Aldea San Antonio (G)'),
(993, 2209, 'Aldea San Antonio (P)'),
(994, 2209, 'Aldea 19'),
(995, 2209, 'Aldea San Miguel'),
(996, 2209, 'Aldea San Rafael'),
(997, 2209, 'Aldea Spatzenkutter'),
(998, 2209, 'Aldea Sta. María'),
(999, 2209, 'Aldea Sta. Rosa'),
(1000, 2209, 'Aldea Valle María'),
(1001, 2209, 'Altamirano Sur'),
(1002, 2209, 'Antelo'),
(1003, 2209, 'Antonio Tomás'),
(1004, 2209, 'Aranguren'),
(1005, 2209, 'Arroyo Barú'),
(1006, 2209, 'Arroyo Burgos'),
(1007, 2209, 'Arroyo Clé'),
(1008, 2209, 'Arroyo Corralito'),
(1009, 2209, 'Arroyo del Medio'),
(1010, 2209, 'Arroyo Maturrango'),
(1011, 2209, 'Arroyo Palo Seco'),
(1012, 2209, 'Banderas'),
(1013, 2209, 'Basavilbaso'),
(1014, 2209, 'Betbeder'),
(1015, 2209, 'Bovril'),
(1016, 2209, 'Caseros'),
(1017, 2209, 'Ceibas'),
(1018, 2209, 'Cerrito'),
(1019, 2209, 'Chajarí'),
(1020, 2209, 'Chilcas'),
(1021, 2209, 'Clodomiro Ledesma'),
(1022, 2209, 'Col. Alemana'),
(1023, 2209, 'Col. Avellaneda'),
(1024, 2209, 'Col. Avigdor'),
(1025, 2209, 'Col. Ayuí'),
(1026, 2209, 'Col. Baylina'),
(1027, 2209, 'Col. Carrasco'),
(1028, 2209, 'Col. Celina'),
(1029, 2209, 'Col. Cerrito'),
(1030, 2209, 'Col. Crespo'),
(1031, 2209, 'Col. Elia'),
(1032, 2209, 'Col. Ensayo'),
(1033, 2209, 'Col. Gral. Roca'),
(1034, 2209, 'Col. La Argentina'),
(1035, 2209, 'Col. Merou'),
(1036, 2209, 'Col. Oficial Nª3'),
(1037, 2209, 'Col. Oficial Nº13'),
(1038, 2209, 'Col. Oficial Nº14'),
(1039, 2209, 'Col. Oficial Nº5'),
(1040, 2209, 'Col. Reffino'),
(1041, 2209, 'Col. Tunas'),
(1042, 2209, 'Col. Viraró'),
(1043, 2209, 'Colón'),
(1044, 2209, 'Concepción del Uruguay'),
(1045, 2209, 'Concordia'),
(1046, 2209, 'Conscripto Bernardi'),
(1047, 2209, 'Costa Grande'),
(1048, 2209, 'Costa San Antonio'),
(1049, 2209, 'Costa Uruguay N.'),
(1050, 2209, 'Costa Uruguay S.'),
(1051, 2209, 'Crespo'),
(1052, 2209, 'Crucecitas 3ª'),
(1053, 2209, 'Crucecitas 7ª'),
(1054, 2209, 'Crucecitas 8ª'),
(1055, 2209, 'Cuchilla Redonda'),
(1056, 2209, 'Curtiembre'),
(1057, 2209, 'Diamante'),
(1058, 2209, 'Distrito 6º'),
(1059, 2209, 'Distrito Chañar'),
(1060, 2209, 'Distrito Chiqueros'),
(1061, 2209, 'Distrito Cuarto'),
(1062, 2209, 'Distrito Diego López'),
(1063, 2209, 'Distrito Pajonal'),
(1064, 2209, 'Distrito Sauce'),
(1065, 2209, 'Distrito Tala'),
(1066, 2209, 'Distrito Talitas'),
(1067, 2209, 'Don Cristóbal 1ª Sección'),
(1068, 2209, 'Don Cristóbal 2ª Sección'),
(1069, 2209, 'Durazno'),
(1070, 2209, 'El Cimarrón'),
(1071, 2209, 'El Gramillal'),
(1072, 2209, 'El Palenque'),
(1073, 2209, 'El Pingo'),
(1074, 2209, 'El Quebracho'),
(1075, 2209, 'El Redomón'),
(1076, 2209, 'El Solar'),
(1077, 2209, 'Enrique Carbo'),
(1079, 2209, 'Espinillo N.'),
(1080, 2209, 'Estación Campos'),
(1081, 2209, 'Estación Escriña'),
(1082, 2209, 'Estación Lazo'),
(1083, 2209, 'Estación Raíces'),
(1084, 2209, 'Estación Yerúa'),
(1085, 2209, 'Estancia Grande'),
(1086, 2209, 'Estancia Líbaros'),
(1087, 2209, 'Estancia Racedo'),
(1088, 2209, 'Estancia Solá'),
(1089, 2209, 'Estancia Yuquerí'),
(1090, 2209, 'Estaquitas'),
(1091, 2209, 'Faustino M. Parera'),
(1092, 2209, 'Febre'),
(1093, 2209, 'Federación'),
(1094, 2209, 'Federal'),
(1095, 2209, 'Gdor. Echagüe'),
(1096, 2209, 'Gdor. Mansilla'),
(1097, 2209, 'Gilbert'),
(1098, 2209, 'González Calderón'),
(1099, 2209, 'Gral. Almada'),
(1100, 2209, 'Gral. Alvear'),
(1101, 2209, 'Gral. Campos'),
(1102, 2209, 'Gral. Galarza'),
(1103, 2209, 'Gral. Ramírez'),
(1104, 2209, 'Gualeguay'),
(1105, 2209, 'Gualeguaychú'),
(1106, 2209, 'Gualeguaycito'),
(1107, 2209, 'Guardamonte'),
(1108, 2209, 'Hambis'),
(1109, 2209, 'Hasenkamp'),
(1110, 2209, 'Hernandarias'),
(1111, 2209, 'Hernández'),
(1112, 2209, 'Herrera'),
(1113, 2209, 'Hinojal'),
(1114, 2209, 'Hocker'),
(1115, 2209, 'Ing. Sajaroff'),
(1116, 2209, 'Irazusta'),
(1117, 2209, 'Isletas'),
(1118, 2209, 'J.J De Urquiza'),
(1119, 2209, 'Jubileo'),
(1120, 2209, 'La Clarita'),
(1121, 2209, 'La Criolla'),
(1122, 2209, 'La Esmeralda'),
(1123, 2209, 'La Florida'),
(1124, 2209, 'La Fraternidad'),
(1125, 2209, 'La Hierra'),
(1126, 2209, 'La Ollita'),
(1127, 2209, 'La Paz'),
(1128, 2209, 'La Picada'),
(1129, 2209, 'La Providencia'),
(1130, 2209, 'La Verbena'),
(1131, 2209, 'Laguna Benítez'),
(1132, 2209, 'Larroque'),
(1133, 2209, 'Las Cuevas'),
(1134, 2209, 'Las Garzas'),
(1135, 2209, 'Las Guachas'),
(1136, 2209, 'Las Mercedes'),
(1137, 2209, 'Las Moscas'),
(1138, 2209, 'Las Mulitas'),
(1139, 2209, 'Las Toscas'),
(1140, 2209, 'Laurencena'),
(1141, 2209, 'Libertador San Martín'),
(1142, 2209, 'Loma Limpia'),
(1143, 2209, 'Los Ceibos'),
(1144, 2209, 'Los Charruas'),
(1145, 2209, 'Los Conquistadores'),
(1146, 2209, 'Lucas González'),
(1147, 2209, 'Lucas N.'),
(1148, 2209, 'Lucas S. 1ª'),
(1149, 2209, 'Lucas S. 2ª'),
(1150, 2209, 'Maciá'),
(1151, 2209, 'María Grande'),
(1152, 2209, 'María Grande 2ª'),
(1153, 2209, 'Médanos'),
(1154, 2209, 'Mojones N.'),
(1155, 2209, 'Mojones S.'),
(1156, 2209, 'Molino Doll'),
(1157, 2209, 'Monte Redondo'),
(1158, 2209, 'Montoya'),
(1159, 2209, 'Mulas Grandes'),
(1160, 2209, 'Ñancay'),
(1161, 2209, 'Nogoyá'),
(1162, 2209, 'Nueva Escocia'),
(1163, 2209, 'Nueva Vizcaya'),
(1164, 2209, 'Ombú'),
(1165, 2209, 'Oro Verde'),
(1166, 2209, 'Paraná'),
(1167, 2209, 'Pasaje Guayaquil'),
(1168, 2209, 'Pasaje Las Tunas'),
(1169, 2209, 'Paso de La Arena'),
(1170, 2209, 'Paso de La Laguna'),
(1171, 2209, 'Paso de Las Piedras'),
(1172, 2209, 'Paso Duarte'),
(1173, 2209, 'Pastor Britos'),
(1174, 2209, 'Pedernal'),
(1175, 2209, 'Perdices'),
(1176, 2209, 'Picada Berón'),
(1177, 2209, 'Piedras Blancas'),
(1178, 2209, 'Primer Distrito Cuchilla'),
(1179, 2209, 'Primero de Mayo'),
(1180, 2209, 'Pronunciamiento'),
(1181, 2209, 'Pto. Algarrobo'),
(1182, 2209, 'Pto. Ibicuy'),
(1183, 2209, 'Pueblo Brugo'),
(1184, 2209, 'Pueblo Cazes'),
(1185, 2209, 'Pueblo Gral. Belgrano'),
(1186, 2209, 'Pueblo Liebig'),
(1187, 2209, 'Puerto Yeruá'),
(1188, 2209, 'Punta del Monte'),
(1189, 2209, 'Quebracho'),
(1190, 2209, 'Quinto Distrito'),
(1191, 2209, 'Raices Oeste'),
(1192, 2209, 'Rincón de Nogoyá'),
(1193, 2209, 'Rincón del Cinto'),
(1194, 2209, 'Rincón del Doll'),
(1195, 2209, 'Rincón del Gato'),
(1196, 2209, 'Rocamora'),
(1197, 2209, 'Rosario del Tala'),
(1198, 2209, 'San Benito'),
(1199, 2209, 'San Cipriano'),
(1200, 2209, 'San Ernesto'),
(1201, 2209, 'San Gustavo'),
(1202, 2209, 'San Jaime'),
(1203, 2209, 'San José'),
(1204, 2209, 'San José de Feliciano'),
(1205, 2209, 'San Justo'),
(1206, 2209, 'San Marcial'),
(1207, 2209, 'San Pedro'),
(1208, 2209, 'San Ramírez'),
(1209, 2209, 'San Ramón'),
(1210, 2209, 'San Roque'),
(1211, 2209, 'San Salvador'),
(1212, 2209, 'San Víctor'),
(1213, 2209, 'Santa Ana'),
(1214, 2209, 'Santa Anita'),
(1215, 2209, 'Santa Elena'),
(1216, 2209, 'Santa Lucía'),
(1217, 2209, 'Santa Luisa'),
(1218, 2209, 'Sauce de Luna'),
(1219, 2209, 'Sauce Montrull'),
(1220, 2209, 'Sauce Pinto'),
(1221, 2209, 'Sauce Sur'),
(1222, 2209, 'Seguí'),
(1223, 2209, 'Sir Leonard'),
(1224, 2209, 'Sosa'),
(1225, 2209, 'Tabossi'),
(1226, 2209, 'Tezanos Pinto'),
(1227, 2209, 'Ubajay'),
(1228, 2209, 'Urdinarrain'),
(1229, 2209, 'Veinte de Septiembre'),
(1230, 2209, 'Viale'),
(1231, 2209, 'Victoria'),
(1232, 2209, 'Villa Clara'),
(1233, 2209, 'Villa del Rosario'),
(1234, 2209, 'Villa Domínguez'),
(1235, 2209, 'Villa Elisa'),
(1236, 2209, 'Villa Fontana'),
(1237, 2209, 'Villa Gdor. Etchevehere'),
(1238, 2209, 'Villa Mantero'),
(1239, 2209, 'Villa Paranacito'),
(1240, 2209, 'Villa Urquiza'),
(1241, 2209, 'Villaguay'),
(1242, 2209, 'Walter Moss'),
(1243, 2209, 'Yacaré'),
(1244, 2209, 'Yeso Oeste'),
(1245, 2210, 'Buena Vista'),
(1246, 2210, 'Clorinda'),
(1247, 2210, 'Col. Pastoril'),
(1248, 2210, 'Cte. Fontana'),
(1249, 2210, 'El Colorado'),
(1250, 2210, 'El Espinillo'),
(1251, 2210, 'Estanislao Del Campo'),
(1253, 2210, 'Fortín Lugones'),
(1254, 2210, 'Gral. Lucio V. Mansilla'),
(1255, 2210, 'Gral. Manuel Belgrano'),
(1256, 2210, 'Gral. Mosconi'),
(1257, 2210, 'Gran Guardia'),
(1258, 2210, 'Herradura'),
(1259, 2210, 'Ibarreta'),
(1260, 2210, 'Ing. Juárez'),
(1261, 2210, 'Laguna Blanca'),
(1262, 2210, 'Laguna Naick Neck'),
(1263, 2210, 'Laguna Yema'),
(1264, 2210, 'Las Lomitas'),
(1265, 2210, 'Los Chiriguanos'),
(1266, 2210, 'Mayor V. Villafañe'),
(1267, 2210, 'Misión San Fco.'),
(1268, 2210, 'Palo Santo'),
(1269, 2210, 'Pirané'),
(1270, 2210, 'Pozo del Maza'),
(1271, 2210, 'Riacho He-He'),
(1272, 2210, 'San Hilario'),
(1273, 2210, 'San Martín II'),
(1274, 2210, 'Siete Palmas'),
(1275, 2210, 'Subteniente Perín'),
(1276, 2210, 'Tres Lagunas'),
(1277, 2210, 'Villa Dos Trece'),
(1278, 2210, 'Villa Escolar'),
(1279, 2210, 'Villa Gral. Güemes'),
(1280, 2211, 'Abdon Castro Tolay'),
(1281, 2211, 'Abra Pampa'),
(1282, 2211, 'Abralaite'),
(1283, 2211, 'Aguas Calientes'),
(1284, 2211, 'Arrayanal'),
(1285, 2211, 'Barrios'),
(1286, 2211, 'Caimancito'),
(1287, 2211, 'Calilegua'),
(1288, 2211, 'Cangrejillos'),
(1289, 2211, 'Caspala'),
(1290, 2211, 'Catuá'),
(1291, 2211, 'Cieneguillas'),
(1292, 2211, 'Coranzulli'),
(1293, 2211, 'Cusi-Cusi'),
(1294, 2211, 'El Aguilar'),
(1295, 2211, 'El Carmen'),
(1296, 2211, 'El Cóndor'),
(1297, 2211, 'El Fuerte'),
(1298, 2211, 'El Piquete'),
(1299, 2211, 'El Talar'),
(1300, 2211, 'Fraile Pintado'),
(1301, 2211, 'Hipólito Yrigoyen'),
(1302, 2211, 'Huacalera'),
(1303, 2211, 'Humahuaca'),
(1304, 2211, 'La Esperanza'),
(1305, 2211, 'La Mendieta'),
(1306, 2211, 'La Quiaca'),
(1307, 2211, 'Ledesma'),
(1308, 2211, 'Libertador Gral. San Martin'),
(1309, 2211, 'Maimara'),
(1310, 2211, 'Mina Pirquitas'),
(1311, 2211, 'Monterrico'),
(1312, 2211, 'Palma Sola'),
(1313, 2211, 'Palpalá'),
(1314, 2211, 'Pampa Blanca'),
(1315, 2211, 'Pampichuela'),
(1316, 2211, 'Perico'),
(1317, 2211, 'Puesto del Marqués'),
(1318, 2211, 'Puesto Viejo'),
(1319, 2211, 'Pumahuasi'),
(1320, 2211, 'Purmamarca'),
(1321, 2211, 'Rinconada'),
(1322, 2211, 'Rodeitos'),
(1323, 2211, 'Rosario de Río Grande'),
(1324, 2211, 'San Antonio'),
(1325, 2211, 'San Francisco'),
(1326, 2211, 'San Pedro'),
(1327, 2211, 'San Rafael'),
(1328, 2211, 'San Salvador'),
(1329, 2211, 'Santa Ana'),
(1330, 2211, 'Santa Catalina'),
(1331, 2211, 'Santa Clara'),
(1332, 2211, 'Susques'),
(1333, 2211, 'Tilcara'),
(1334, 2211, 'Tres Cruces'),
(1335, 2211, 'Tumbaya'),
(1336, 2211, 'Valle Grande'),
(1337, 2211, 'Vinalito'),
(1338, 2211, 'Volcán'),
(1339, 2211, 'Yala'),
(1340, 2211, 'Yaví'),
(1341, 2211, 'Yuto'),
(1342, 2212, 'Abramo'),
(1343, 2212, 'Adolfo Van Praet'),
(1344, 2212, 'Agustoni'),
(1345, 2212, 'Algarrobo del Aguila'),
(1346, 2212, 'Alpachiri'),
(1347, 2212, 'Alta Italia'),
(1348, 2212, 'Anguil'),
(1349, 2212, 'Arata'),
(1350, 2212, 'Ataliva Roca'),
(1351, 2212, 'Bernardo Larroude'),
(1352, 2212, 'Bernasconi'),
(1353, 2212, 'Caleufú'),
(1354, 2212, 'Carro Quemado'),
(1355, 2212, 'Catriló'),
(1356, 2212, 'Ceballos'),
(1357, 2212, 'Chacharramendi'),
(1358, 2212, 'Col. Barón'),
(1359, 2212, 'Col. Santa María'),
(1360, 2212, 'Conhelo'),
(1361, 2212, 'Coronel Hilario Lagos'),
(1362, 2212, 'Cuchillo-Có'),
(1363, 2212, 'Doblas'),
(1364, 2212, 'Dorila'),
(1365, 2212, 'Eduardo Castex'),
(1366, 2212, 'Embajador Martini'),
(1367, 2212, 'Falucho'),
(1368, 2212, 'Gral. Acha'),
(1369, 2212, 'Gral. Manuel Campos'),
(1370, 2212, 'Gral. Pico'),
(1371, 2212, 'Guatraché'),
(1372, 2212, 'Ing. Luiggi'),
(1373, 2212, 'Intendente Alvear'),
(1374, 2212, 'Jacinto Arauz'),
(1375, 2212, 'La Adela'),
(1376, 2212, 'La Humada'),
(1377, 2212, 'La Maruja'),
(1379, 2212, 'La Reforma'),
(1380, 2212, 'Limay Mahuida'),
(1381, 2212, 'Lonquimay'),
(1382, 2212, 'Loventuel'),
(1383, 2212, 'Luan Toro'),
(1384, 2212, 'Macachín'),
(1385, 2212, 'Maisonnave'),
(1386, 2212, 'Mauricio Mayer'),
(1387, 2212, 'Metileo'),
(1388, 2212, 'Miguel Cané'),
(1389, 2212, 'Miguel Riglos'),
(1390, 2212, 'Monte Nievas'),
(1391, 2212, 'Parera'),
(1392, 2212, 'Perú'),
(1393, 2212, 'Pichi-Huinca'),
(1394, 2212, 'Puelches'),
(1395, 2212, 'Puelén'),
(1396, 2212, 'Quehue'),
(1397, 2212, 'Quemú Quemú'),
(1398, 2212, 'Quetrequén'),
(1399, 2212, 'Rancul'),
(1400, 2212, 'Realicó'),
(1401, 2212, 'Relmo'),
(1402, 2212, 'Rolón'),
(1403, 2212, 'Rucanelo'),
(1404, 2212, 'Sarah'),
(1405, 2212, 'Speluzzi'),
(1406, 2212, 'Sta. Isabel'),
(1407, 2212, 'Sta. Rosa'),
(1408, 2212, 'Sta. Teresa'),
(1409, 2212, 'Telén'),
(1410, 2212, 'Toay'),
(1411, 2212, 'Tomas M. de Anchorena'),
(1412, 2212, 'Trenel'),
(1413, 2212, 'Unanue'),
(1414, 2212, 'Uriburu'),
(1415, 2212, 'Veinticinco de Mayo'),
(1416, 2212, 'Vertiz'),
(1417, 2212, 'Victorica'),
(1418, 2212, 'Villa Mirasol'),
(1419, 2212, 'Winifreda'),
(1420, 2213, 'Arauco'),
(1421, 2213, 'Capital'),
(1422, 2213, 'Castro Barros'),
(1423, 2213, 'Chamical'),
(1424, 2213, 'Chilecito'),
(1425, 2213, 'Coronel F. Varela'),
(1426, 2213, 'Famatina'),
(1427, 2213, 'Gral. A.V.Peñaloza'),
(1428, 2213, 'Gral. Belgrano'),
(1429, 2213, 'Gral. J.F. Quiroga'),
(1430, 2213, 'Gral. Lamadrid'),
(1431, 2213, 'Gral. Ocampo'),
(1432, 2213, 'Gral. San Martín'),
(1433, 2213, 'Independencia'),
(1434, 2213, 'Rosario Penaloza'),
(1435, 2213, 'San Blas de Los Sauces'),
(1436, 2213, 'Sanagasta'),
(1437, 2213, 'Vinchina'),
(1438, 2214, 'Capital'),
(1439, 2214, 'Chacras de Coria'),
(1440, 2214, 'Dorrego'),
(1441, 2214, 'Gllen'),
(1442, 2214, 'Godoy Cruz'),
(1443, 2214, 'Gral. Alvear'),
(1444, 2214, 'Guaymallén'),
(1445, 2214, 'Junín'),
(1446, 2214, 'La Paz'),
(1447, 2214, 'Las Heras'),
(1448, 2214, 'Lavalle'),
(1449, 2214, 'Luján'),
(1450, 2214, 'Luján De Cuyo'),
(1451, 2214, 'Maipú'),
(1452, 2214, 'Malargüe'),
(1453, 2214, 'Rivadavia'),
(1454, 2214, 'San Carlos'),
(1455, 2214, 'San Martín'),
(1456, 2214, 'San Rafael'),
(1457, 2214, 'Sta. Rosa'),
(1458, 2214, 'Tunuyán'),
(1459, 2214, 'Tupungato'),
(1460, 2214, 'Villa Nueva'),
(1461, 2215, 'Alba Posse'),
(1462, 2215, 'Almafuerte'),
(1463, 2215, 'Apóstoles'),
(1464, 2215, 'Aristóbulo Del Valle'),
(1465, 2215, 'Arroyo Del Medio'),
(1466, 2215, 'Azara'),
(1467, 2215, 'Bdo. De Irigoyen'),
(1468, 2215, 'Bonpland'),
(1469, 2215, 'Caá Yari'),
(1470, 2215, 'Campo Grande'),
(1471, 2215, 'Campo Ramón'),
(1472, 2215, 'Campo Viera'),
(1473, 2215, 'Candelaria'),
(1474, 2215, 'Capioví'),
(1475, 2215, 'Caraguatay'),
(1476, 2215, 'Cdte. Guacurarí'),
(1477, 2215, 'Cerro Azul'),
(1478, 2215, 'Cerro Corá'),
(1479, 2215, 'Col. Alberdi'),
(1480, 2215, 'Col. Aurora'),
(1481, 2215, 'Col. Delicia'),
(1482, 2215, 'Col. Polana'),
(1483, 2215, 'Col. Victoria'),
(1484, 2215, 'Col. Wanda'),
(1485, 2215, 'Concepción De La Sierra'),
(1486, 2215, 'Corpus'),
(1487, 2215, 'Dos Arroyos'),
(1488, 2215, 'Dos de Mayo'),
(1489, 2215, 'El Alcázar'),
(1490, 2215, 'El Dorado'),
(1491, 2215, 'El Soberbio'),
(1492, 2215, 'Esperanza'),
(1493, 2215, 'F. Ameghino'),
(1494, 2215, 'Fachinal'),
(1495, 2215, 'Garuhapé'),
(1496, 2215, 'Garupá'),
(1497, 2215, 'Gdor. López'),
(1498, 2215, 'Gdor. Roca'),
(1499, 2215, 'Gral. Alvear'),
(1500, 2215, 'Gral. Urquiza'),
(1501, 2215, 'Guaraní'),
(1502, 2215, 'H. Yrigoyen'),
(1503, 2215, 'Iguazú'),
(1504, 2215, 'Itacaruaré'),
(1505, 2215, 'Jardín América'),
(1506, 2215, 'Leandro N. Alem'),
(1507, 2215, 'Libertad'),
(1508, 2215, 'Loreto'),
(1509, 2215, 'Los Helechos'),
(1510, 2215, 'Mártires'),
(1512, 2215, 'Mojón Grande'),
(1513, 2215, 'Montecarlo'),
(1514, 2215, 'Nueve de Julio'),
(1515, 2215, 'Oberá'),
(1516, 2215, 'Olegario V. Andrade'),
(1517, 2215, 'Panambí'),
(1518, 2215, 'Posadas'),
(1519, 2215, 'Profundidad'),
(1520, 2215, 'Pto. Iguazú'),
(1521, 2215, 'Pto. Leoni'),
(1522, 2215, 'Pto. Piray'),
(1523, 2215, 'Pto. Rico'),
(1524, 2215, 'Ruiz de Montoya'),
(1525, 2215, 'San Antonio'),
(1526, 2215, 'San Ignacio'),
(1527, 2215, 'San Javier'),
(1528, 2215, 'San José'),
(1529, 2215, 'San Martín'),
(1530, 2215, 'San Pedro'),
(1531, 2215, 'San Vicente'),
(1532, 2215, 'Santiago De Liniers'),
(1533, 2215, 'Santo Pipo'),
(1534, 2215, 'Sta. Ana'),
(1535, 2215, 'Sta. María'),
(1536, 2215, 'Tres Capones'),
(1537, 2215, 'Veinticinco de Mayo'),
(1538, 2215, 'Wanda'),
(1539, 2216, 'Aguada San Roque'),
(1540, 2216, 'Aluminé'),
(1541, 2216, 'Andacollo'),
(1542, 2216, 'Añelo'),
(1543, 2216, 'Bajada del Agrio'),
(1544, 2216, 'Barrancas'),
(1545, 2216, 'Buta Ranquil'),
(1546, 2216, 'Capital'),
(1547, 2216, 'Caviahué'),
(1548, 2216, 'Centenario'),
(1549, 2216, 'Chorriaca'),
(1550, 2216, 'Chos Malal'),
(1551, 2216, 'Cipolletti'),
(1552, 2216, 'Covunco Abajo'),
(1553, 2216, 'Coyuco Cochico'),
(1554, 2216, 'Cutral Có'),
(1555, 2216, 'El Cholar'),
(1556, 2216, 'El Huecú'),
(1557, 2216, 'El Sauce'),
(1558, 2216, 'Guañacos'),
(1559, 2216, 'Huinganco'),
(1560, 2216, 'Las Coloradas'),
(1561, 2216, 'Las Lajas'),
(1562, 2216, 'Las Ovejas'),
(1563, 2216, 'Loncopué'),
(1564, 2216, 'Los Catutos'),
(1565, 2216, 'Los Chihuidos'),
(1566, 2216, 'Los Miches'),
(1567, 2216, 'Manzano Amargo'),
(1569, 2216, 'Octavio Pico'),
(1570, 2216, 'Paso Aguerre'),
(1571, 2216, 'Picún Leufú'),
(1572, 2216, 'Piedra del Aguila'),
(1573, 2216, 'Pilo Lil'),
(1574, 2216, 'Plaza Huincul'),
(1575, 2216, 'Plottier'),
(1576, 2216, 'Quili Malal'),
(1577, 2216, 'Ramón Castro'),
(1578, 2216, 'Rincón de Los Sauces'),
(1579, 2216, 'San Martín de Los Andes'),
(1580, 2216, 'San Patricio del Chañar'),
(1581, 2216, 'Santo Tomás'),
(1582, 2216, 'Sauzal Bonito'),
(1583, 2216, 'Senillosa'),
(1584, 2216, 'Taquimilán'),
(1585, 2216, 'Tricao Malal'),
(1586, 2216, 'Varvarco'),
(1587, 2216, 'Villa Curí Leuvu'),
(1588, 2216, 'Villa del Nahueve'),
(1589, 2216, 'Villa del Puente Picún Leuvú'),
(1590, 2216, 'Villa El Chocón'),
(1591, 2216, 'Villa La Angostura'),
(1592, 2216, 'Villa Pehuenia'),
(1593, 2216, 'Villa Traful'),
(1594, 2216, 'Vista Alegre'),
(1595, 2216, 'Zapala'),
(1596, 2217, 'Aguada Cecilio'),
(1597, 2217, 'Aguada de Guerra'),
(1598, 2217, 'Allén'),
(1599, 2217, 'Arroyo de La Ventana'),
(1600, 2217, 'Arroyo Los Berros'),
(1601, 2217, 'Bariloche'),
(1602, 2217, 'Calte. Cordero'),
(1603, 2217, 'Campo Grande'),
(1604, 2217, 'Catriel'),
(1605, 2217, 'Cerro Policía'),
(1606, 2217, 'Cervantes'),
(1607, 2217, 'Chelforo'),
(1608, 2217, 'Chimpay'),
(1609, 2217, 'Chinchinales'),
(1610, 2217, 'Chipauquil'),
(1611, 2217, 'Choele Choel'),
(1612, 2217, 'Cinco Saltos'),
(1613, 2217, 'Cipolletti'),
(1614, 2217, 'Clemente Onelli'),
(1615, 2217, 'Colán Conhue'),
(1616, 2217, 'Comallo'),
(1617, 2217, 'Comicó'),
(1618, 2217, 'Cona Niyeu'),
(1619, 2217, 'Coronel Belisle'),
(1620, 2217, 'Cubanea'),
(1621, 2217, 'Darwin'),
(1622, 2217, 'Dina Huapi'),
(1623, 2217, 'El Bolsón'),
(1624, 2217, 'El Caín'),
(1625, 2217, 'El Manso'),
(1626, 2217, 'Gral. Conesa'),
(1627, 2217, 'Gral. Enrique Godoy'),
(1628, 2217, 'Gral. Fernandez Oro'),
(1629, 2217, 'Gral. Roca'),
(1630, 2217, 'Guardia Mitre'),
(1631, 2217, 'Ing. Huergo'),
(1632, 2217, 'Ing. Jacobacci'),
(1633, 2217, 'Laguna Blanca'),
(1634, 2217, 'Lamarque'),
(1635, 2217, 'Las Grutas'),
(1636, 2217, 'Los Menucos'),
(1637, 2217, 'Luis Beltrán'),
(1638, 2217, 'Mainqué'),
(1639, 2217, 'Mamuel Choique'),
(1640, 2217, 'Maquinchao'),
(1641, 2217, 'Mencué'),
(1642, 2217, 'Mtro. Ramos Mexia'),
(1643, 2217, 'Nahuel Niyeu'),
(1644, 2217, 'Naupa Huen'),
(1645, 2217, 'Ñorquinco'),
(1646, 2217, 'Ojos de Agua'),
(1647, 2217, 'Paso de Agua'),
(1648, 2217, 'Paso Flores'),
(1649, 2217, 'Peñas Blancas'),
(1650, 2217, 'Pichi Mahuida'),
(1651, 2217, 'Pilcaniyeu'),
(1652, 2217, 'Pomona'),
(1653, 2217, 'Prahuaniyeu'),
(1654, 2217, 'Rincón Treneta'),
(1655, 2217, 'Río Chico'),
(1656, 2217, 'Río Colorado'),
(1657, 2217, 'Roca'),
(1658, 2217, 'San Antonio Oeste'),
(1659, 2217, 'San Javier'),
(1660, 2217, 'Sierra Colorada'),
(1661, 2217, 'Sierra Grande'),
(1662, 2217, 'Sierra Pailemán'),
(1663, 2217, 'Valcheta'),
(1664, 2217, 'Valle Azul'),
(1665, 2217, 'Viedma'),
(1666, 2217, 'Villa Llanquín'),
(1667, 2217, 'Villa Mascardi'),
(1668, 2217, 'Villa Regina'),
(1669, 2217, 'Yaminué'),
(1670, 2218, 'A. Saravia'),
(1671, 2218, 'Aguaray'),
(1672, 2218, 'Angastaco'),
(1673, 2218, 'Animaná'),
(1674, 2218, 'Cachi'),
(1675, 2218, 'Cafayate'),
(1676, 2218, 'Campo Quijano'),
(1677, 2218, 'Campo Santo'),
(1678, 2218, 'Capital'),
(1679, 2218, 'Cerrillos'),
(1680, 2218, 'Chicoana'),
(1681, 2218, 'Col. Sta. Rosa'),
(1682, 2218, 'Coronel Moldes'),
(1683, 2218, 'El Bordo'),
(1684, 2218, 'El Carril'),
(1685, 2218, 'El Galpón'),
(1686, 2218, 'El Jardín'),
(1687, 2218, 'El Potrero'),
(1688, 2218, 'El Quebrachal'),
(1689, 2218, 'El Tala'),
(1690, 2218, 'Embarcación'),
(1691, 2218, 'Gral. Ballivian'),
(1692, 2218, 'Gral. Güemes'),
(1693, 2218, 'Gral. Mosconi'),
(1694, 2218, 'Gral. Pizarro'),
(1695, 2218, 'Guachipas'),
(1696, 2218, 'Hipólito Yrigoyen'),
(1697, 2218, 'Iruyá'),
(1698, 2218, 'Isla De Cañas'),
(1699, 2218, 'J. V. Gonzalez'),
(1700, 2218, 'La Caldera'),
(1701, 2218, 'La Candelaria'),
(1702, 2218, 'La Merced'),
(1703, 2218, 'La Poma'),
(1704, 2218, 'La Viña'),
(1705, 2218, 'Las Lajitas'),
(1706, 2218, 'Los Toldos'),
(1707, 2218, 'Metán'),
(1708, 2218, 'Molinos'),
(1709, 2218, 'Nazareno'),
(1710, 2218, 'Orán'),
(1711, 2218, 'Payogasta'),
(1712, 2218, 'Pichanal'),
(1713, 2218, 'Prof. S. Mazza'),
(1714, 2218, 'Río Piedras'),
(1715, 2218, 'Rivadavia Banda Norte'),
(1716, 2218, 'Rivadavia Banda Sur'),
(1717, 2218, 'Rosario de La Frontera'),
(1718, 2218, 'Rosario de Lerma'),
(1719, 2218, 'Saclantás'),
(1721, 2218, 'San Antonio'),
(1722, 2218, 'San Carlos'),
(1723, 2218, 'San José De Metán'),
(1724, 2218, 'San Ramón'),
(1725, 2218, 'Santa Victoria E.'),
(1726, 2218, 'Santa Victoria O.'),
(1727, 2218, 'Tartagal'),
(1728, 2218, 'Tolar Grande'),
(1729, 2218, 'Urundel'),
(1730, 2218, 'Vaqueros'),
(1731, 2218, 'Villa San Lorenzo'),
(1732, 2219, 'Albardón'),
(1733, 2219, 'Angaco'),
(1734, 2219, 'Calingasta'),
(1735, 2219, 'Capital'),
(1736, 2219, 'Caucete'),
(1737, 2219, 'Chimbas'),
(1738, 2219, 'Iglesia'),
(1739, 2219, 'Jachal'),
(1740, 2219, 'Nueve de Julio'),
(1741, 2219, 'Pocito'),
(1742, 2219, 'Rawson'),
(1743, 2219, 'Rivadavia'),
(1745, 2219, 'San Martín'),
(1746, 2219, 'Santa Lucía'),
(1747, 2219, 'Sarmiento'),
(1748, 2219, 'Ullum'),
(1749, 2219, 'Valle Fértil'),
(1750, 2219, 'Veinticinco de Mayo'),
(1751, 2219, 'Zonda'),
(1752, 2220, 'Alto Pelado'),
(1753, 2220, 'Alto Pencoso'),
(1754, 2220, 'Anchorena'),
(1755, 2220, 'Arizona'),
(1756, 2220, 'Bagual'),
(1757, 2220, 'Balde'),
(1758, 2220, 'Batavia'),
(1759, 2220, 'Beazley'),
(1760, 2220, 'Buena Esperanza'),
(1761, 2220, 'Candelaria'),
(1762, 2220, 'Capital'),
(1763, 2220, 'Carolina'),
(1764, 2220, 'Carpintería'),
(1765, 2220, 'Concarán'),
(1766, 2220, 'Cortaderas'),
(1767, 2220, 'El Morro'),
(1768, 2220, 'El Trapiche'),
(1769, 2220, 'El Volcán'),
(1770, 2220, 'Fortín El Patria'),
(1771, 2220, 'Fortuna'),
(1772, 2220, 'Fraga'),
(1773, 2220, 'Juan Jorba'),
(1774, 2220, 'Juan Llerena'),
(1775, 2220, 'Juana Koslay'),
(1776, 2220, 'Justo Daract'),
(1777, 2220, 'La Calera'),
(1778, 2220, 'La Florida'),
(1779, 2220, 'La Punilla'),
(1780, 2220, 'La Toma'),
(1781, 2220, 'Lafinur'),
(1782, 2220, 'Las Aguadas'),
(1783, 2220, 'Las Chacras'),
(1784, 2220, 'Las Lagunas'),
(1785, 2220, 'Las Vertientes'),
(1786, 2220, 'Lavaisse'),
(1787, 2220, 'Leandro N. Alem'),
(1788, 2220, 'Los Molles'),
(1789, 2220, 'Luján'),
(1790, 2220, 'Mercedes'),
(1791, 2220, 'Merlo'),
(1792, 2220, 'Naschel'),
(1793, 2220, 'Navia'),
(1794, 2220, 'Nogolí'),
(1795, 2220, 'Nueva Galia'),
(1796, 2220, 'Papagayos'),
(1797, 2220, 'Paso Grande'),
(1798, 2220, 'Potrero de Los Funes'),
(1799, 2220, 'Quines'),
(1800, 2220, 'Renca'),
(1801, 2220, 'Saladillo'),
(1802, 2220, 'San Francisco'),
(1803, 2220, 'San Gerónimo'),
(1804, 2220, 'San Martín'),
(1805, 2220, 'San Pablo'),
(1806, 2220, 'Santa Rosa de Conlara'),
(1807, 2220, 'Talita'),
(1808, 2220, 'Tilisarao'),
(1809, 2220, 'Unión'),
(1810, 2220, 'Villa de La Quebrada'),
(1811, 2220, 'Villa de Praga'),
(1812, 2220, 'Villa del Carmen'),
(1813, 2220, 'Villa Gral. Roca'),
(1814, 2220, 'Villa Larca'),
(1815, 2220, 'Villa Mercedes'),
(1816, 2220, 'Zanjitas'),
(1817, 2221, 'Calafate'),
(1818, 2221, 'Caleta Olivia'),
(1819, 2221, 'Cañadón Seco'),
(1820, 2221, 'Comandante Piedrabuena'),
(1821, 2221, 'El Calafate'),
(1822, 2221, 'El Chaltén'),
(1823, 2221, 'Gdor. Gregores'),
(1824, 2221, 'Hipólito Yrigoyen'),
(1825, 2221, 'Jaramillo'),
(1826, 2221, 'Koluel Kaike'),
(1827, 2221, 'Las Heras'),
(1828, 2221, 'Los Antiguos'),
(1829, 2221, 'Perito Moreno'),
(1830, 2221, 'Pico Truncado'),
(1831, 2221, 'Pto. Deseado'),
(1832, 2221, 'Pto. San Julián'),
(1833, 2221, 'Pto. 21'),
(1834, 2221, 'Río Cuarto'),
(1835, 2221, 'Río Gallegos'),
(1836, 2221, 'Río Turbio'),
(1837, 2221, 'Tres Lagos'),
(1838, 2221, 'Veintiocho De Noviembre'),
(1839, 2222, 'Aarón Castellanos'),
(1840, 2222, 'Acebal'),
(1841, 2222, 'Aguará Grande'),
(1842, 2222, 'Albarellos'),
(1843, 2222, 'Alcorta'),
(1844, 2222, 'Aldao'),
(1845, 2222, 'Alejandra'),
(1846, 2222, 'Álvarez'),
(1847, 2222, 'Ambrosetti'),
(1848, 2222, 'Amenábar'),
(1849, 2222, 'Angélica'),
(1850, 2222, 'Angeloni'),
(1851, 2222, 'Arequito'),
(1852, 2222, 'Arminda'),
(1853, 2222, 'Armstrong'),
(1854, 2222, 'Arocena'),
(1855, 2222, 'Arroyo Aguiar'),
(1856, 2222, 'Arroyo Ceibal'),
(1857, 2222, 'Arroyo Leyes'),
(1858, 2222, 'Arroyo Seco'),
(1859, 2222, 'Arrufó'),
(1860, 2222, 'Arteaga'),
(1861, 2222, 'Ataliva'),
(1862, 2222, 'Aurelia'),
(1863, 2222, 'Avellaneda'),
(1864, 2222, 'Barrancas'),
(1865, 2222, 'Bauer Y Sigel'),
(1866, 2222, 'Bella Italia'),
(1867, 2222, 'Berabevú'),
(1868, 2222, 'Berna'),
(1869, 2222, 'Bernardo de Irigoyen'),
(1870, 2222, 'Bigand'),
(1871, 2222, 'Bombal'),
(1872, 2222, 'Bouquet'),
(1873, 2222, 'Bustinza'),
(1874, 2222, 'Cabal'),
(1875, 2222, 'Cacique Ariacaiquin'),
(1876, 2222, 'Cafferata'),
(1877, 2222, 'Calchaquí'),
(1878, 2222, 'Campo Andino'),
(1879, 2222, 'Campo Piaggio'),
(1880, 2222, 'Cañada de Gómez'),
(1881, 2222, 'Cañada del Ucle'),
(1882, 2222, 'Cañada Rica'),
(1883, 2222, 'Cañada Rosquín'),
(1884, 2222, 'Candioti'),
(1885, 2222, 'Capital'),
(1886, 2222, 'Capitán Bermúdez'),
(1887, 2222, 'Capivara'),
(1888, 2222, 'Carcarañá'),
(1889, 2222, 'Carlos Pellegrini'),
(1890, 2222, 'Carmen');
INSERT INTO `localidad` (`id`, `id_provincia`, `localidad`) VALUES
(1891, 2222, 'Carmen Del Sauce'),
(1892, 2222, 'Carreras'),
(1893, 2222, 'Carrizales'),
(1894, 2222, 'Casalegno'),
(1895, 2222, 'Casas'),
(1896, 2222, 'Casilda'),
(1897, 2222, 'Castelar'),
(1898, 2222, 'Castellanos'),
(1899, 2222, 'Cayastá'),
(1900, 2222, 'Cayastacito'),
(1901, 2222, 'Centeno'),
(1902, 2222, 'Cepeda'),
(1903, 2222, 'Ceres'),
(1904, 2222, 'Chabás'),
(1905, 2222, 'Chañar Ladeado'),
(1906, 2222, 'Chapuy'),
(1907, 2222, 'Chovet'),
(1908, 2222, 'Christophersen'),
(1909, 2222, 'Classon'),
(1910, 2222, 'Cnel. Arnold'),
(1911, 2222, 'Cnel. Bogado'),
(1912, 2222, 'Cnel. Dominguez'),
(1913, 2222, 'Cnel. Fraga'),
(1914, 2222, 'Col. Aldao'),
(1915, 2222, 'Col. Ana'),
(1916, 2222, 'Col. Belgrano'),
(1917, 2222, 'Col. Bicha'),
(1918, 2222, 'Col. Bigand'),
(1919, 2222, 'Col. Bossi'),
(1920, 2222, 'Col. Cavour'),
(1921, 2222, 'Col. Cello'),
(1922, 2222, 'Col. Dolores'),
(1923, 2222, 'Col. Dos Rosas'),
(1924, 2222, 'Col. Durán'),
(1925, 2222, 'Col. Iturraspe'),
(1926, 2222, 'Col. Margarita'),
(1927, 2222, 'Col. Mascias'),
(1928, 2222, 'Col. Raquel'),
(1929, 2222, 'Col. Rosa'),
(1930, 2222, 'Col. San José'),
(1931, 2222, 'Constanza'),
(1932, 2222, 'Coronda'),
(1933, 2222, 'Correa'),
(1934, 2222, 'Crispi'),
(1935, 2222, 'Cululú'),
(1936, 2222, 'Curupayti'),
(1937, 2222, 'Desvio Arijón'),
(1938, 2222, 'Diaz'),
(1939, 2222, 'Diego de Alvear'),
(1940, 2222, 'Egusquiza'),
(1941, 2222, 'El Arazá'),
(1942, 2222, 'El Rabón'),
(1943, 2222, 'El Sombrerito'),
(1944, 2222, 'El Trébol'),
(1945, 2222, 'Elisa'),
(1946, 2222, 'Elortondo'),
(1947, 2222, 'Emilia'),
(1948, 2222, 'Empalme San Carlos'),
(1949, 2222, 'Empalme Villa Constitucion'),
(1950, 2222, 'Esmeralda'),
(1951, 2222, 'Esperanza'),
(1952, 2222, 'Estación Alvear'),
(1953, 2222, 'Estacion Clucellas'),
(1954, 2222, 'Esteban Rams'),
(1955, 2222, 'Esther'),
(1956, 2222, 'Esustolia'),
(1957, 2222, 'Eusebia'),
(1958, 2222, 'Felicia'),
(1959, 2222, 'Fidela'),
(1960, 2222, 'Fighiera'),
(1961, 2222, 'Firmat'),
(1962, 2222, 'Florencia'),
(1963, 2222, 'Fortín Olmos'),
(1964, 2222, 'Franck'),
(1965, 2222, 'Fray Luis Beltrán'),
(1966, 2222, 'Frontera'),
(1967, 2222, 'Fuentes'),
(1968, 2222, 'Funes'),
(1969, 2222, 'Gaboto'),
(1970, 2222, 'Galisteo'),
(1971, 2222, 'Gálvez'),
(1972, 2222, 'Garabalto'),
(1973, 2222, 'Garibaldi'),
(1974, 2222, 'Gato Colorado'),
(1975, 2222, 'Gdor. Crespo'),
(1976, 2222, 'Gessler'),
(1977, 2222, 'Godoy'),
(1978, 2222, 'Golondrina'),
(1979, 2222, 'Gral. Gelly'),
(1980, 2222, 'Gral. Lagos'),
(1981, 2222, 'Granadero Baigorria'),
(1982, 2222, 'Gregoria Perez De Denis'),
(1983, 2222, 'Grutly'),
(1984, 2222, 'Guadalupe N.'),
(1985, 2222, 'Gödeken'),
(1986, 2222, 'Helvecia'),
(1987, 2222, 'Hersilia'),
(1988, 2222, 'Hipatía'),
(1989, 2222, 'Huanqueros'),
(1990, 2222, 'Hugentobler'),
(1991, 2222, 'Hughes'),
(1992, 2222, 'Humberto 1º'),
(1993, 2222, 'Humboldt'),
(1994, 2222, 'Ibarlucea'),
(1995, 2222, 'Ing. Chanourdie'),
(1996, 2222, 'Intiyaco'),
(1997, 2222, 'Ituzaingó'),
(1998, 2222, 'Jacinto L. Aráuz'),
(1999, 2222, 'Josefina'),
(2000, 2222, 'Juan B. Molina'),
(2001, 2222, 'Juan de Garay'),
(2002, 2222, 'Juncal'),
(2003, 2222, 'La Brava'),
(2004, 2222, 'La Cabral'),
(2005, 2222, 'La Camila'),
(2006, 2222, 'La Chispa'),
(2007, 2222, 'La Clara'),
(2008, 2222, 'La Criolla'),
(2009, 2222, 'La Gallareta'),
(2010, 2222, 'La Lucila'),
(2011, 2222, 'La Pelada'),
(2012, 2222, 'La Penca'),
(2013, 2222, 'La Rubia'),
(2014, 2222, 'La Sarita'),
(2015, 2222, 'La Vanguardia'),
(2016, 2222, 'Labordeboy'),
(2017, 2222, 'Laguna Paiva'),
(2018, 2222, 'Landeta'),
(2019, 2222, 'Lanteri'),
(2020, 2222, 'Larrechea'),
(2021, 2222, 'Las Avispas'),
(2022, 2222, 'Las Bandurrias'),
(2023, 2222, 'Las Garzas'),
(2024, 2222, 'Las Palmeras'),
(2025, 2222, 'Las Parejas'),
(2026, 2222, 'Las Petacas'),
(2027, 2222, 'Las Rosas'),
(2028, 2222, 'Las Toscas'),
(2029, 2222, 'Las Tunas'),
(2030, 2222, 'Lazzarino'),
(2031, 2222, 'Lehmann'),
(2032, 2222, 'Llambi Campbell'),
(2033, 2222, 'Logroño'),
(2034, 2222, 'Loma Alta'),
(2035, 2222, 'López'),
(2036, 2222, 'Los Amores'),
(2037, 2222, 'Los Cardos'),
(2038, 2222, 'Los Laureles'),
(2039, 2222, 'Los Molinos'),
(2040, 2222, 'Los Quirquinchos'),
(2041, 2222, 'Lucio V. Lopez'),
(2042, 2222, 'Luis Palacios'),
(2043, 2222, 'Ma. Juana'),
(2044, 2222, 'Ma. Luisa'),
(2045, 2222, 'Ma. Susana'),
(2046, 2222, 'Ma. Teresa'),
(2047, 2222, 'Maciel'),
(2048, 2222, 'Maggiolo'),
(2049, 2222, 'Malabrigo'),
(2050, 2222, 'Marcelino Escalada'),
(2051, 2222, 'Margarita'),
(2052, 2222, 'Matilde'),
(2053, 2222, 'Mauá'),
(2054, 2222, 'Máximo Paz'),
(2055, 2222, 'Melincué'),
(2056, 2222, 'Miguel Torres'),
(2057, 2222, 'Moisés Ville'),
(2058, 2222, 'Monigotes'),
(2059, 2222, 'Monje'),
(2060, 2222, 'Monte Obscuridad'),
(2061, 2222, 'Monte Vera'),
(2062, 2222, 'Montefiore'),
(2063, 2222, 'Montes de Oca'),
(2064, 2222, 'Murphy'),
(2065, 2222, 'Ñanducita'),
(2066, 2222, 'Naré'),
(2067, 2222, 'Nelson'),
(2068, 2222, 'Nicanor E. Molinas'),
(2069, 2222, 'Nuevo Torino'),
(2070, 2222, 'Oliveros'),
(2071, 2222, 'Palacios'),
(2072, 2222, 'Pavón'),
(2073, 2222, 'Pavón Arriba'),
(2074, 2222, 'Pedro Gómez Cello'),
(2075, 2222, 'Pérez'),
(2076, 2222, 'Peyrano'),
(2077, 2222, 'Piamonte'),
(2078, 2222, 'Pilar'),
(2079, 2222, 'Piñero'),
(2080, 2222, 'Plaza Clucellas'),
(2081, 2222, 'Portugalete'),
(2082, 2222, 'Pozo Borrado'),
(2083, 2222, 'Progreso'),
(2084, 2222, 'Providencia'),
(2085, 2222, 'Pte. Roca'),
(2086, 2222, 'Pueblo Andino'),
(2087, 2222, 'Pueblo Esther'),
(2088, 2222, 'Pueblo Gral. San Martín'),
(2089, 2222, 'Pueblo Irigoyen'),
(2090, 2222, 'Pueblo Marini'),
(2091, 2222, 'Pueblo Muñoz'),
(2092, 2222, 'Pueblo Uranga'),
(2093, 2222, 'Pujato'),
(2094, 2222, 'Pujato N.'),
(2095, 2222, 'Rafaela'),
(2096, 2222, 'Ramayón'),
(2097, 2222, 'Ramona'),
(2098, 2222, 'Reconquista'),
(2099, 2222, 'Recreo'),
(2100, 2222, 'Ricardone'),
(2101, 2222, 'Rivadavia'),
(2102, 2222, 'Roldán'),
(2103, 2222, 'Romang'),
(2104, 2222, 'Rosario'),
(2105, 2222, 'Rueda'),
(2106, 2222, 'Rufino'),
(2107, 2222, 'Sa Pereira'),
(2108, 2222, 'Saguier'),
(2109, 2222, 'Saladero M. Cabal'),
(2110, 2222, 'Salto Grande'),
(2111, 2222, 'San Agustín'),
(2112, 2222, 'San Antonio de Obligado'),
(2113, 2222, 'San Bernardo (N.J.)'),
(2114, 2222, 'San Bernardo (S.J.)'),
(2115, 2222, 'San Carlos Centro'),
(2116, 2222, 'San Carlos N.'),
(2117, 2222, 'San Carlos S.'),
(2118, 2222, 'San Cristóbal'),
(2119, 2222, 'San Eduardo'),
(2120, 2222, 'San Eugenio'),
(2121, 2222, 'San Fabián'),
(2122, 2222, 'San Fco. de Santa Fé'),
(2123, 2222, 'San Genaro'),
(2124, 2222, 'San Genaro N.'),
(2125, 2222, 'San Gregorio'),
(2126, 2222, 'San Guillermo'),
(2127, 2222, 'San Javier'),
(2128, 2222, 'San Jerónimo del Sauce'),
(2129, 2222, 'San Jerónimo N.'),
(2130, 2222, 'San Jerónimo S.'),
(2131, 2222, 'San Jorge'),
(2132, 2222, 'San José de La Esquina'),
(2133, 2222, 'San José del Rincón'),
(2134, 2222, 'San Justo'),
(2135, 2222, 'San Lorenzo'),
(2136, 2222, 'San Mariano'),
(2137, 2222, 'San Martín de Las Escobas'),
(2138, 2222, 'San Martín N.'),
(2139, 2222, 'San Vicente'),
(2140, 2222, 'Sancti Spititu'),
(2141, 2222, 'Sanford'),
(2142, 2222, 'Santo Domingo'),
(2143, 2222, 'Santo Tomé'),
(2144, 2222, 'Santurce'),
(2145, 2222, 'Sargento Cabral'),
(2146, 2222, 'Sarmiento'),
(2147, 2222, 'Sastre'),
(2148, 2222, 'Sauce Viejo'),
(2149, 2222, 'Serodino'),
(2150, 2222, 'Silva'),
(2151, 2222, 'Soldini'),
(2152, 2222, 'Soledad'),
(2153, 2222, 'Soutomayor'),
(2154, 2222, 'Sta. Clara de Buena Vista'),
(2155, 2222, 'Sta. Clara de Saguier'),
(2156, 2222, 'Sta. Isabel'),
(2157, 2222, 'Sta. Margarita'),
(2158, 2222, 'Sta. Maria Centro'),
(2159, 2222, 'Sta. María N.'),
(2160, 2222, 'Sta. Rosa'),
(2161, 2222, 'Sta. Teresa'),
(2162, 2222, 'Suardi'),
(2163, 2222, 'Sunchales'),
(2164, 2222, 'Susana'),
(2165, 2222, 'Tacuarendí'),
(2166, 2222, 'Tacural'),
(2167, 2222, 'Tartagal'),
(2168, 2222, 'Teodelina'),
(2169, 2222, 'Theobald'),
(2170, 2222, 'Timbúes'),
(2171, 2222, 'Toba'),
(2172, 2222, 'Tortugas'),
(2173, 2222, 'Tostado'),
(2174, 2222, 'Totoras'),
(2175, 2222, 'Traill'),
(2176, 2222, 'Venado Tuerto'),
(2177, 2222, 'Vera'),
(2178, 2222, 'Vera y Pintado'),
(2179, 2222, 'Videla'),
(2180, 2222, 'Vila'),
(2181, 2222, 'Villa Amelia'),
(2182, 2222, 'Villa Ana'),
(2183, 2222, 'Villa Cañas'),
(2184, 2222, 'Villa Constitución'),
(2185, 2222, 'Villa Eloísa'),
(2186, 2222, 'Villa Gdor. Gálvez'),
(2187, 2222, 'Villa Guillermina'),
(2188, 2222, 'Villa Minetti'),
(2189, 2222, 'Villa Mugueta'),
(2190, 2222, 'Villa Ocampo'),
(2191, 2222, 'Villa San José'),
(2192, 2222, 'Villa Saralegui'),
(2193, 2222, 'Villa Trinidad'),
(2194, 2222, 'Villada'),
(2195, 2222, 'Virginia'),
(2196, 2222, 'Wheelwright'),
(2197, 2222, 'Zavalla'),
(2198, 2222, 'Zenón Pereira'),
(2199, 2223, 'Añatuya'),
(2200, 2223, 'Árraga'),
(2201, 2223, 'Bandera'),
(2202, 2223, 'Bandera Bajada'),
(2203, 2223, 'Beltrán'),
(2204, 2223, 'Brea Pozo'),
(2205, 2223, 'Campo Gallo'),
(2206, 2223, 'Capital'),
(2207, 2223, 'Chilca Juliana'),
(2208, 2223, 'Choya'),
(2209, 2223, 'Clodomira'),
(2210, 2223, 'Col. Alpina'),
(2211, 2223, 'Col. Dora'),
(2212, 2223, 'Col. El Simbolar Robles'),
(2213, 2223, 'El Bobadal'),
(2214, 2223, 'El Charco'),
(2215, 2223, 'El Mojón'),
(2216, 2223, 'Estación Atamisqui'),
(2217, 2223, 'Estación Simbolar'),
(2218, 2223, 'Fernández'),
(2219, 2223, 'Fortín Inca'),
(2220, 2223, 'Frías'),
(2221, 2223, 'Garza'),
(2222, 2223, 'Gramilla'),
(2223, 2223, 'Guardia Escolta'),
(2224, 2223, 'Herrera'),
(2225, 2223, 'Icaño'),
(2226, 2223, 'Ing. Forres'),
(2227, 2223, 'La Banda'),
(2228, 2223, 'La Cañada'),
(2229, 2223, 'Laprida'),
(2230, 2223, 'Lavalle'),
(2231, 2223, 'Loreto'),
(2232, 2223, 'Los Juríes'),
(2233, 2223, 'Los Núñez'),
(2234, 2223, 'Los Pirpintos'),
(2235, 2223, 'Los Quiroga'),
(2236, 2223, 'Los Telares'),
(2237, 2223, 'Lugones'),
(2238, 2223, 'Malbrán'),
(2239, 2223, 'Matara'),
(2240, 2223, 'Medellín'),
(2241, 2223, 'Monte Quemado'),
(2242, 2223, 'Nueva Esperanza'),
(2243, 2223, 'Nueva Francia'),
(2244, 2223, 'Palo Negro'),
(2245, 2223, 'Pampa de Los Guanacos'),
(2246, 2223, 'Pinto'),
(2247, 2223, 'Pozo Hondo'),
(2248, 2223, 'Quimilí'),
(2249, 2223, 'Real Sayana'),
(2250, 2223, 'Sachayoj'),
(2251, 2223, 'San Pedro de Guasayán'),
(2252, 2223, 'Selva'),
(2253, 2223, 'Sol de Julio'),
(2254, 2223, 'Sumampa'),
(2255, 2223, 'Suncho Corral'),
(2256, 2223, 'Taboada'),
(2257, 2223, 'Tapso'),
(2258, 2223, 'Termas de Rio Hondo'),
(2259, 2223, 'Tintina'),
(2260, 2223, 'Tomas Young'),
(2261, 2223, 'Vilelas'),
(2262, 2223, 'Villa Atamisqui'),
(2263, 2223, 'Villa La Punta'),
(2264, 2223, 'Villa Ojo de Agua'),
(2265, 2223, 'Villa Río Hondo'),
(2266, 2223, 'Villa Salavina'),
(2267, 2223, 'Villa Unión'),
(2268, 2223, 'Vilmer'),
(2269, 2223, 'Weisburd'),
(2270, 2224, 'Río Grande'),
(2271, 2224, 'Tolhuin'),
(2272, 2224, 'Ushuaia'),
(2273, 2225, 'Acheral'),
(2274, 2225, 'Agua Dulce'),
(2275, 2225, 'Aguilares'),
(2276, 2225, 'Alderetes'),
(2277, 2225, 'Alpachiri'),
(2278, 2225, 'Alto Verde'),
(2279, 2225, 'Amaicha del Valle'),
(2280, 2225, 'Amberes'),
(2281, 2225, 'Ancajuli'),
(2282, 2225, 'Arcadia'),
(2283, 2225, 'Atahona'),
(2284, 2225, 'Banda del Río Sali'),
(2285, 2225, 'Bella Vista'),
(2286, 2225, 'Buena Vista'),
(2287, 2225, 'Burruyacú'),
(2288, 2225, 'Capitán Cáceres'),
(2289, 2225, 'Cevil Redondo'),
(2290, 2225, 'Choromoro'),
(2291, 2225, 'Ciudacita'),
(2292, 2225, 'Colalao del Valle'),
(2293, 2225, 'Colombres'),
(2294, 2225, 'Concepción'),
(2295, 2225, 'Delfín Gallo'),
(2296, 2225, 'El Bracho'),
(2297, 2225, 'El Cadillal'),
(2298, 2225, 'El Cercado'),
(2299, 2225, 'El Chañar'),
(2300, 2225, 'El Manantial'),
(2301, 2225, 'El Mojón'),
(2302, 2225, 'El Mollar'),
(2303, 2225, 'El Naranjito'),
(2304, 2225, 'El Naranjo'),
(2305, 2225, 'El Polear'),
(2306, 2225, 'El Puestito'),
(2307, 2225, 'El Sacrificio'),
(2308, 2225, 'El Timbó'),
(2309, 2225, 'Escaba'),
(2310, 2225, 'Esquina'),
(2311, 2225, 'Estación Aráoz'),
(2312, 2225, 'Famaillá'),
(2313, 2225, 'Gastone'),
(2314, 2225, 'Gdor. Garmendia'),
(2315, 2225, 'Gdor. Piedrabuena'),
(2316, 2225, 'Graneros'),
(2317, 2225, 'Huasa Pampa'),
(2318, 2225, 'J. B. Alberdi'),
(2319, 2225, 'La Cocha'),
(2320, 2225, 'La Esperanza'),
(2321, 2225, 'La Florida'),
(2322, 2225, 'La Ramada'),
(2323, 2225, 'La Trinidad'),
(2324, 2225, 'Lamadrid'),
(2325, 2225, 'Las Cejas'),
(2326, 2225, 'Las Talas'),
(2327, 2225, 'Las Talitas'),
(2328, 2225, 'Los Bulacio'),
(2329, 2225, 'Los Gómez'),
(2330, 2225, 'Los Nogales'),
(2331, 2225, 'Los Pereyra'),
(2332, 2225, 'Los Pérez'),
(2333, 2225, 'Los Puestos'),
(2334, 2225, 'Los Ralos'),
(2335, 2225, 'Los Sarmientos'),
(2336, 2225, 'Los Sosa'),
(2337, 2225, 'Lules'),
(2338, 2225, 'M. García Fernández'),
(2339, 2225, 'Manuela Pedraza'),
(2340, 2225, 'Medinas'),
(2341, 2225, 'Monte Bello'),
(2342, 2225, 'Monteagudo'),
(2343, 2225, 'Monteros'),
(2344, 2225, 'Padre Monti'),
(2345, 2225, 'Pampa Mayo'),
(2346, 2225, 'Quilmes'),
(2347, 2225, 'Raco'),
(2348, 2225, 'Ranchillos'),
(2349, 2225, 'Río Chico'),
(2350, 2225, 'Río Colorado'),
(2351, 2225, 'Río Seco'),
(2352, 2225, 'Rumi Punco'),
(2353, 2225, 'San Andrés'),
(2354, 2225, 'San Felipe'),
(2355, 2225, 'San Ignacio'),
(2356, 2225, 'San Javier'),
(2357, 2225, 'San José'),
(2358, 2225, 'San Miguel de 25'),
(2359, 2225, 'San Pedro'),
(2360, 2225, 'San Pedro de Colalao'),
(2361, 2225, 'Santa Rosa de Leales'),
(2362, 2225, 'Sgto. Moya'),
(2363, 2225, 'Siete de Abril'),
(2364, 2225, 'Simoca'),
(2365, 2225, 'Soldado Maldonado'),
(2366, 2225, 'Sta. Ana'),
(2367, 2225, 'Sta. Cruz'),
(2368, 2225, 'Sta. Lucía'),
(2369, 2225, 'Taco Ralo'),
(2370, 2225, 'Tafí del Valle'),
(2371, 2225, 'Tafí Viejo'),
(2372, 2225, 'Tapia'),
(2373, 2225, 'Teniente Berdina'),
(2374, 2225, 'Trancas'),
(2375, 2225, 'Villa Belgrano'),
(2376, 2225, 'Villa Benjamín Araoz'),
(2377, 2225, 'Villa Chiligasta'),
(2378, 2225, 'Villa de Leales'),
(2379, 2225, 'Villa Quinteros'),
(2380, 2225, 'Yánima'),
(2381, 2225, 'Yerba Buena'),
(2382, 2225, 'Yerba Buena (S)'),
(4356, 1, 'Azerbaijan'),
(4357, 2, 'Nargorni Karabakh'),
(4358, 3, 'Nakhichevanskaya Region'),
(4359, 4, 'Anguilla'),
(4360, 5, 'Brestskaya obl.'),
(4361, 6, 'Vitebskaya obl.'),
(4362, 7, 'Gomelskaya obl.'),
(4363, 8, 'Grodnenskaya obl.'),
(4364, 9, 'Minskaya obl.'),
(4365, 10, 'Mogilevskaya obl.'),
(4366, 11, 'Belize'),
(4367, 12, 'Hamilton'),
(4368, 13, 'Dong Bang Song Cuu Long'),
(4369, 14, 'Dong Bang Song Hong'),
(4370, 15, 'Dong Nam Bo'),
(4371, 16, 'Duyen Hai Mien Trung'),
(4372, 17, 'Khu Bon Cu'),
(4373, 18, 'Mien Nui Va Trung Du'),
(4374, 19, 'Thai Nguyen'),
(4375, 20, 'Artibonite'),
(4376, 21, 'Grand&#039;Anse'),
(4377, 22, 'North West'),
(4378, 23, 'West'),
(4379, 24, 'South'),
(4380, 25, 'South East'),
(4381, 26, 'Grande-Terre'),
(4382, 27, 'Basse-Terre'),
(4383, 28, 'Abkhazia'),
(4384, 29, 'Ajaria'),
(4385, 30, 'Georgia'),
(4386, 31, 'South Ossetia'),
(4387, 32, 'Al QÄhira'),
(4388, 33, 'Aswan'),
(4389, 34, 'Asyut'),
(4390, 35, 'Beni Suef'),
(4391, 36, 'Gharbia'),
(4392, 37, 'Damietta'),
(4393, 38, 'Southern District'),
(4394, 39, 'Central District'),
(4395, 40, 'Northern District'),
(4396, 41, 'Haifa'),
(4397, 42, 'Tel Aviv'),
(4398, 43, 'Jerusalem'),
(4399, 44, 'Bangala'),
(4400, 45, 'Chhattisgarh'),
(4401, 46, 'Karnataka'),
(4402, 47, 'Uttaranchal'),
(4403, 48, 'Andhara Pradesh'),
(4404, 49, 'Assam'),
(4405, 50, 'Bihar'),
(4406, 51, 'Gujarat'),
(4407, 52, 'Jammu and Kashmir'),
(4408, 53, 'Kerala'),
(4409, 54, 'Madhya Pradesh'),
(4410, 55, 'Manipur'),
(4411, 56, 'Maharashtra'),
(4412, 57, 'Megahalaya'),
(4413, 58, 'Orissa'),
(4414, 59, 'Punjab'),
(4415, 60, 'Pondisheri'),
(4416, 61, 'Rajasthan'),
(4417, 62, 'Tamil Nadu'),
(4418, 63, 'Tripura'),
(4419, 64, 'Uttar Pradesh'),
(4420, 65, 'Haryana'),
(4421, 66, 'Chandigarh'),
(4422, 67, 'Azarbayjan-e Khavari'),
(4423, 68, 'Esfahan'),
(4424, 69, 'Hamadan'),
(4425, 70, 'Kordestan'),
(4426, 71, 'Markazi'),
(4427, 72, 'Sistan-e Baluches'),
(4428, 73, 'Yazd'),
(4429, 74, 'Kerman'),
(4430, 75, 'Kermanshakhan'),
(4431, 76, 'Mazenderan'),
(4432, 77, 'Tehran'),
(4433, 78, 'Fars'),
(4434, 79, 'Horasan'),
(4435, 80, 'Husistan'),
(4436, 81, 'Aktyubinskaya obl.'),
(4437, 82, 'Alma-Atinskaya obl.'),
(4438, 83, 'Vostochno-Kazahstanskaya obl.'),
(4439, 84, 'Gurevskaya obl.'),
(4440, 85, 'Zhambylskaya obl. (Dzhambulskaya obl.)'),
(4441, 86, 'Dzhezkazganskaya obl.'),
(4442, 87, 'Karagandinskaya obl.'),
(4443, 88, 'Kzyl-Ordinskaya obl.'),
(4444, 89, 'Kokchetavskaya obl.'),
(4445, 90, 'Kustanaiskaya obl.'),
(4446, 91, 'Mangystauskaya (Mangyshlakskaya obl.)'),
(4447, 92, 'Pavlodarskaya obl.'),
(4448, 93, 'Severo-Kazahstanskaya obl.'),
(4449, 94, 'Taldy-Kurganskaya obl.'),
(4450, 95, 'Turgaiskaya obl.'),
(4451, 96, 'Akmolinskaya obl. (Tselinogradskaya obl.)'),
(4452, 97, 'Chimkentskaya obl.'),
(4453, 98, 'Littoral'),
(4454, 99, 'Southwest Region'),
(4455, 100, 'North'),
(4456, 101, 'Central'),
(4457, 102, 'Government controlled area'),
(4458, 103, 'Turkish controlled area'),
(4459, 104, 'Issik Kulskaya Region'),
(4460, 105, 'Kyrgyzstan'),
(4461, 106, 'Narinskaya Region'),
(4462, 107, 'Oshskaya Region'),
(4463, 108, 'Tallaskaya Region'),
(4464, 109, 'al-Jahra'),
(4465, 110, 'al-Kuwait'),
(4466, 111, 'Latviya'),
(4467, 112, 'Tarabulus'),
(4468, 113, 'Bengasi'),
(4469, 114, 'Litva'),
(4470, 115, 'Moldova'),
(4471, 116, 'Auckland'),
(4472, 117, 'Bay of Plenty'),
(4473, 118, 'Canterbury'),
(4474, 119, 'Gisborne'),
(4475, 120, 'Hawke&#039;s Bay'),
(4476, 121, 'Manawatu-Wanganui'),
(4477, 122, 'Marlborough'),
(4478, 123, 'Nelson'),
(4479, 124, 'Northland'),
(4480, 125, 'Otago'),
(4481, 126, 'Southland'),
(4482, 127, 'Taranaki'),
(4483, 128, 'Tasman'),
(4484, 129, 'Waikato'),
(4485, 130, 'Wellington'),
(4486, 131, 'West Coast'),
(4487, 132, 'Saint-Denis'),
(4488, 133, 'Altaiskii krai'),
(4489, 134, 'Amurskaya obl.'),
(4490, 135, 'Arhangelskaya obl.'),
(4491, 136, 'Astrahanskaya obl.'),
(4492, 137, 'Bashkiriya obl.'),
(4493, 138, 'Belgorodskaya obl.'),
(4494, 139, 'Bryanskaya obl.'),
(4495, 140, 'Buryatiya'),
(4496, 141, 'Vladimirskaya obl.'),
(4497, 142, 'Volgogradskaya obl.'),
(4498, 143, 'Vologodskaya obl.'),
(4499, 144, 'Voronezhskaya obl.'),
(4500, 145, 'Nizhegorodskaya obl.'),
(4501, 146, 'Dagestan'),
(4502, 147, 'Evreiskaya obl.'),
(4503, 148, 'Ivanovskaya obl.'),
(4504, 149, 'Irkutskaya obl.'),
(4505, 150, 'Kabardino-Balkariya'),
(4506, 151, 'Kaliningradskaya obl.'),
(4507, 152, 'Tverskaya obl.'),
(4508, 153, 'Kalmykiya'),
(4509, 154, 'Kaluzhskaya obl.'),
(4510, 155, 'Kamchatskaya obl.'),
(4511, 156, 'Kareliya'),
(4512, 157, 'Kemerovskaya obl.'),
(4513, 158, 'Kirovskaya obl.'),
(4514, 159, 'Komi'),
(4515, 160, 'Kostromskaya obl.'),
(4516, 161, 'Krasnodarskii krai'),
(4517, 162, 'Krasnoyarskii krai'),
(4518, 163, 'Kurganskaya obl.'),
(4519, 164, 'Kurskaya obl.'),
(4520, 165, 'Lipetskaya obl.'),
(4521, 166, 'Magadanskaya obl.'),
(4522, 167, 'Marii El'),
(4523, 168, 'Mordoviya'),
(4524, 169, 'Moscow &amp; Moscow Region'),
(4525, 170, 'Murmanskaya obl.'),
(4526, 171, 'Novgorodskaya obl.'),
(4527, 172, 'Novosibirskaya obl.'),
(4528, 173, 'Omskaya obl.'),
(4529, 174, 'Orenburgskaya obl.'),
(4530, 175, 'Orlovskaya obl.'),
(4531, 176, 'Penzenskaya obl.'),
(4532, 177, 'Permskiy krai'),
(4533, 178, 'Primorskii krai'),
(4534, 179, 'Pskovskaya obl.'),
(4535, 180, 'Rostovskaya obl.'),
(4536, 181, 'Ryazanskaya obl.'),
(4537, 182, 'Samarskaya obl.'),
(4538, 183, 'Saint-Petersburg and Region'),
(4539, 184, 'Saratovskaya obl.'),
(4540, 185, 'Saha (Yakutiya)'),
(4541, 186, 'Sahalin'),
(4542, 187, 'Sverdlovskaya obl.'),
(4543, 188, 'Severnaya Osetiya'),
(4544, 189, 'Smolenskaya obl.'),
(4545, 190, 'Stavropolskii krai'),
(4546, 191, 'Tambovskaya obl.'),
(4547, 192, 'Tatarstan'),
(4548, 193, 'Tomskaya obl.'),
(4549, 195, 'Tulskaya obl.'),
(4550, 196, 'Tyumenskaya obl. i Hanty-Mansiiskii AO'),
(4551, 197, 'Udmurtiya'),
(4552, 198, 'Ulyanovskaya obl.'),
(4553, 199, 'Uralskaya obl.'),
(4554, 200, 'Habarovskii krai'),
(4555, 201, 'Chelyabinskaya obl.'),
(4556, 202, 'Checheno-Ingushetiya'),
(4557, 203, 'Chitinskaya obl.'),
(4558, 204, 'Chuvashiya'),
(4559, 205, 'Yaroslavskaya obl.'),
(4560, 206, 'Ahuachapán'),
(4561, 207, 'Cuscatlán'),
(4562, 208, 'La Libertad'),
(4563, 209, 'La Paz'),
(4564, 210, 'La Unión'),
(4565, 211, 'San Miguel'),
(4566, 212, 'San Salvador'),
(4567, 213, 'Santa Ana'),
(4568, 214, 'Sonsonate'),
(4569, 215, 'Paramaribo'),
(4570, 216, 'Gorno-Badakhshan Region'),
(4571, 217, 'Kuljabsk Region'),
(4572, 218, 'Kurgan-Tjube Region'),
(4573, 219, 'Sughd Region'),
(4574, 220, 'Tajikistan'),
(4575, 221, 'Ashgabat Region'),
(4576, 222, 'Krasnovodsk Region'),
(4577, 223, 'Mary Region'),
(4578, 224, 'Tashauz Region'),
(4579, 225, 'Chardzhou Region'),
(4580, 226, 'Grand Turk'),
(4581, 227, 'Bartin'),
(4582, 228, 'Bayburt'),
(4583, 229, 'Karabuk'),
(4584, 230, 'Adana'),
(4585, 231, 'Aydin'),
(4586, 232, 'Amasya'),
(4587, 233, 'Ankara'),
(4588, 234, 'Antalya'),
(4589, 235, 'Artvin'),
(4590, 236, 'Afion'),
(4591, 237, 'Balikesir'),
(4592, 238, 'Bilecik'),
(4593, 239, 'Bursa'),
(4594, 240, 'Gaziantep'),
(4595, 241, 'Denizli'),
(4596, 242, 'Izmir'),
(4597, 243, 'Isparta'),
(4598, 244, 'Icel'),
(4599, 245, 'Kayseri'),
(4600, 246, 'Kars'),
(4601, 247, 'Kodjaeli'),
(4602, 248, 'Konya'),
(4603, 249, 'Kirklareli'),
(4604, 250, 'Kutahya'),
(4605, 251, 'Malatya'),
(4606, 252, 'Manisa'),
(4607, 253, 'Sakarya'),
(4608, 254, 'Samsun'),
(4609, 255, 'Sivas'),
(4610, 256, 'Istanbul'),
(4611, 257, 'Trabzon'),
(4612, 258, 'Corum'),
(4613, 259, 'Edirne'),
(4614, 260, 'Elazig'),
(4615, 261, 'Erzincan'),
(4616, 262, 'Erzurum'),
(4617, 263, 'Eskisehir'),
(4618, 264, 'Jinja'),
(4619, 265, 'Kampala'),
(4620, 266, 'Andijon Region'),
(4621, 267, 'Buxoro Region'),
(4622, 268, 'Jizzac Region'),
(4623, 269, 'Qaraqalpaqstan'),
(4624, 270, 'Qashqadaryo Region'),
(4625, 271, 'Navoiy Region'),
(4626, 272, 'Namangan Region'),
(4627, 273, 'Samarqand Region'),
(4628, 274, 'Surxondaryo Region'),
(4629, 275, 'Sirdaryo Region'),
(4630, 276, 'Tashkent Region'),
(4631, 277, 'Fergana Region'),
(4632, 278, 'Xorazm Region'),
(4633, 279, 'Vinnitskaya obl.'),
(4634, 280, 'Volynskaya obl.'),
(4635, 281, 'Dnepropetrovskaya obl.'),
(4636, 282, 'Donetskaya obl.'),
(4637, 283, 'Zhitomirskaya obl.'),
(4638, 284, 'Zakarpatskaya obl.'),
(4639, 285, 'Zaporozhskaya obl.'),
(4640, 286, 'Ivano-Frankovskaya obl.'),
(4641, 287, 'Kievskaya obl.'),
(4642, 288, 'Kirovogradskaya obl.'),
(4643, 289, 'Krymskaya obl.'),
(4644, 290, 'Luganskaya obl.'),
(4645, 291, 'Lvovskaya obl.'),
(4646, 292, 'Nikolaevskaya obl.'),
(4647, 293, 'Odesskaya obl.'),
(4648, 294, 'Poltavskaya obl.'),
(4649, 295, 'Rovenskaya obl.'),
(4650, 296, 'Sumskaya obl.'),
(4651, 297, 'Ternopolskaya obl.'),
(4652, 298, 'Harkovskaya obl.'),
(4653, 299, 'Hersonskaya obl.'),
(4654, 300, 'Hmelnitskaya obl.'),
(4655, 301, 'Cherkasskaya obl.'),
(4656, 302, 'Chernigovskaya obl.'),
(4657, 303, 'Chernovitskaya obl.'),
(4658, 304, 'Estoniya'),
(4659, 305, 'Cheju'),
(4660, 306, 'Chollabuk'),
(4661, 307, 'Chollanam'),
(4662, 308, 'Chungcheongbuk'),
(4663, 309, 'Chungcheongnam'),
(4664, 310, 'Incheon'),
(4665, 311, 'Kangweon'),
(4666, 312, 'Kwangju'),
(4667, 313, 'Kyeonggi'),
(4668, 314, 'Kyeongsangbuk'),
(4669, 315, 'Kyeongsangnam'),
(4670, 316, 'Pusan'),
(4671, 317, 'Seoul'),
(4672, 318, 'Taegu'),
(4673, 319, 'Taejeon'),
(4674, 320, 'Ulsan'),
(4675, 321, 'Aichi'),
(4676, 322, 'Akita'),
(4677, 323, 'Aomori'),
(4678, 324, 'Wakayama'),
(4679, 325, 'Gifu'),
(4680, 326, 'Gunma'),
(4681, 327, 'Ibaraki'),
(4682, 328, 'Iwate'),
(4683, 329, 'Ishikawa'),
(4684, 330, 'Kagawa'),
(4685, 331, 'Kagoshima'),
(4686, 332, 'Kanagawa'),
(4687, 333, 'Kyoto'),
(4688, 334, 'Kochi'),
(4689, 335, 'Kumamoto'),
(4690, 336, 'Mie'),
(4691, 337, 'Miyagi'),
(4692, 338, 'Miyazaki'),
(4693, 339, 'Nagano'),
(4694, 340, 'Nagasaki'),
(4695, 341, 'Nara'),
(4696, 342, 'Niigata'),
(4697, 343, 'Okayama'),
(4698, 344, 'Okinawa'),
(4699, 345, 'Osaka'),
(4700, 346, 'Saga'),
(4701, 347, 'Saitama'),
(4702, 348, 'Shiga'),
(4703, 349, 'Shizuoka'),
(4704, 350, 'Shimane'),
(4705, 351, 'Tiba'),
(4706, 352, 'Tokyo'),
(4707, 353, 'Tokushima'),
(4708, 354, 'Tochigi'),
(4709, 355, 'Tottori'),
(4710, 356, 'Toyama'),
(4711, 357, 'Fukui'),
(4712, 358, 'Fukuoka'),
(4713, 359, 'Fukushima'),
(4714, 360, 'Hiroshima'),
(4715, 361, 'Hokkaido'),
(4716, 362, 'Hyogo'),
(4717, 363, 'Yoshimi'),
(4718, 364, 'Yamagata'),
(4719, 365, 'Yamaguchi'),
(4720, 366, 'Yamanashi'),
(4721, 368, 'Hong Kong'),
(4722, 369, 'Indonesia'),
(4723, 370, 'Jordan'),
(4724, 371, 'Malaysia'),
(4725, 372, 'Singapore'),
(4726, 373, 'Taiwan'),
(4727, 374, 'Kazahstan'),
(4728, 375, 'Ukraina'),
(4729, 376, 'India'),
(4730, 377, 'Egypt'),
(4731, 378, 'Damascus'),
(4732, 379, 'Isle of Man'),
(4733, 380, 'Zapadno-Kazahstanskaya obl.'),
(4734, 381, 'Adygeya'),
(4735, 382, 'Hakasiya'),
(4736, 383, 'Dubai'),
(4737, 384, 'Chukotskii AO'),
(4738, 385, 'Beirut'),
(4739, 386, 'Tegucigalpa'),
(4740, 387, 'Santo Domingo'),
(4741, 388, 'Ulan Bator'),
(4742, 389, 'Sinai'),
(4743, 390, 'Baghdad'),
(4744, 391, 'Basra'),
(4745, 392, 'Mosul'),
(4746, 393, 'Johannesburg'),
(4747, 394, 'Morocco'),
(4748, 395, 'Tangier'),
(4749, 396, 'Yamalo-Nenetskii AO'),
(4750, 397, 'Tunisia'),
(4751, 398, 'Thailand'),
(4752, 399, 'Mozambique'),
(4753, 400, 'Korea'),
(4754, 401, 'Pakistan'),
(4755, 402, 'Aruba'),
(4756, 403, 'Bahamas'),
(4757, 404, 'South Korea'),
(4758, 405, 'Jamaica'),
(4759, 406, 'Sharjah'),
(4760, 407, 'Abu Dhabi'),
(4761, 409, 'Ramat Hagolan'),
(4762, 410, 'Nigeria'),
(4763, 411, 'Ain'),
(4764, 412, 'Haute-Savoie'),
(4765, 413, 'Aisne'),
(4766, 414, 'Allier'),
(4767, 415, 'Alpes-de-Haute-Provence'),
(4768, 416, 'Hautes-Alpes'),
(4769, 417, 'Alpes-Maritimes'),
(4770, 418, 'Ard&egrave;che'),
(4771, 419, 'Ardennes'),
(4772, 420, 'Ari&egrave;ge'),
(4773, 421, 'Aube'),
(4774, 422, 'Aude'),
(4775, 423, 'Aveyron'),
(4776, 424, 'Bouches-du-Rh&ocirc;ne'),
(4777, 425, 'Calvados'),
(4778, 426, 'Cantal'),
(4779, 427, 'Charente'),
(4780, 428, 'Charente Maritime'),
(4781, 429, 'Cher'),
(4782, 430, 'Corr&egrave;ze'),
(4783, 431, 'Dordogne'),
(4784, 432, 'Corse'),
(4785, 433, 'C&ocirc;te d&#039;Or'),
(4786, 434, 'Sa&ocirc;ne et Loire'),
(4787, 435, 'C&ocirc;tes d&#039;Armor'),
(4788, 436, 'Creuse'),
(4789, 437, 'Doubs'),
(4790, 438, 'Dr&ocirc;me'),
(4791, 439, 'Eure'),
(4792, 440, 'Eure-et-Loire'),
(4793, 441, 'Finist&egrave;re'),
(4794, 442, 'Gard'),
(4795, 443, 'Haute-Garonne'),
(4796, 444, 'Gers'),
(4797, 445, 'Gironde'),
(4798, 446, 'Hérault'),
(4799, 447, 'Ille et Vilaine'),
(4800, 448, 'Indre'),
(4801, 449, 'Indre-et-Loire'),
(4802, 450, 'Isère'),
(4803, 451, 'Jura'),
(4804, 452, 'Landes'),
(4805, 453, 'Loir-et-Cher'),
(4806, 454, 'Loire'),
(4807, 455, 'Rh&ocirc;ne'),
(4808, 456, 'Haute-Loire'),
(4809, 457, 'Loire Atlantique'),
(4810, 458, 'Loiret'),
(4811, 459, 'Lot'),
(4812, 460, 'Lot-et-Garonne'),
(4813, 461, 'Loz&egrave;re'),
(4814, 462, 'Maine et Loire'),
(4815, 463, 'Manche'),
(4816, 464, 'Marne'),
(4817, 465, 'Haute-Marne'),
(4818, 466, 'Mayenne'),
(4819, 467, 'Meurthe-et-Moselle'),
(4820, 468, 'Meuse'),
(4821, 469, 'Morbihan'),
(4822, 470, 'Moselle'),
(4823, 471, 'Ni&egrave;vre'),
(4824, 472, 'Nord'),
(4825, 473, 'Oise'),
(4826, 474, 'Orne'),
(4827, 475, 'Pas-de-Calais'),
(4828, 476, 'Puy-de-D&ocirc;me'),
(4829, 477, 'Pyrénées-Atlantiques'),
(4830, 478, 'Hautes-Pyrénées'),
(4831, 479, 'Pyrénées-Orientales'),
(4832, 480, 'Bas Rhin'),
(4833, 481, 'Haut Rhin'),
(4834, 482, 'Haute-Sa&ocirc;ne'),
(4835, 483, 'Sarthe'),
(4836, 484, 'Savoie'),
(4837, 485, 'Paris'),
(4838, 486, 'Seine-Maritime'),
(4839, 487, 'Seine-et-Marne'),
(4840, 488, 'Yvelines'),
(4841, 489, 'Deux-S&egrave;vres'),
(4842, 490, 'Somme'),
(4843, 491, 'Tarn'),
(4844, 492, 'Tarn-et-Garonne'),
(4845, 493, 'Var'),
(4846, 494, 'Vaucluse'),
(4847, 495, 'Vendée'),
(4848, 496, 'Vienne'),
(4849, 497, 'Haute-Vienne'),
(4850, 498, 'Vosges'),
(4851, 499, 'Yonne'),
(4852, 500, 'Territoire de Belfort'),
(4853, 501, 'Essonne'),
(4854, 502, 'Hauts-de-Seine'),
(4855, 503, 'Seine-Saint-Denis'),
(4856, 504, 'Val-de-Marne'),
(4857, 505, 'Val-d&#039;Oise'),
(4858, 506, 'Piemonte - Torino'),
(4859, 507, 'Piemonte - Alessandria'),
(4860, 508, 'Piemonte - Asti'),
(4861, 509, 'Piemonte - Biella'),
(4862, 510, 'Piemonte - Cuneo'),
(4863, 511, 'Piemonte - Novara'),
(4864, 512, 'Piemonte - Verbania'),
(4865, 513, 'Piemonte - Vercelli'),
(4866, 514, 'Valle d&#039;Aosta - Aosta'),
(4867, 515, 'Lombardia - Milano'),
(4868, 516, 'Lombardia - Bergamo'),
(4869, 517, 'Lombardia - Brescia'),
(4870, 518, 'Lombardia - Como'),
(4871, 519, 'Lombardia - Cremona'),
(4872, 520, 'Lombardia - Lecco'),
(4873, 521, 'Lombardia - Lodi'),
(4874, 522, 'Lombardia - Mantova'),
(4875, 523, 'Lombardia - Pavia'),
(4876, 524, 'Lombardia - Sondrio'),
(4877, 525, 'Lombardia - Varese'),
(4878, 526, 'Trentino Alto Adige - Trento'),
(4879, 527, 'Trentino Alto Adige - Bolzano'),
(4880, 528, 'Veneto - Venezia'),
(4881, 529, 'Veneto - Belluno'),
(4882, 530, 'Veneto - Padova'),
(4883, 531, 'Veneto - Rovigo'),
(4884, 532, 'Veneto - Treviso'),
(4885, 533, 'Veneto - Verona'),
(4886, 534, 'Veneto - Vicenza'),
(4887, 535, 'Friuli Venezia Giulia - Trieste'),
(4888, 536, 'Friuli Venezia Giulia - Gorizia'),
(4889, 537, 'Friuli Venezia Giulia - Pordenone'),
(4890, 538, 'Friuli Venezia Giulia - Udine'),
(4891, 539, 'Liguria - Genova'),
(4892, 540, 'Liguria - Imperia'),
(4893, 541, 'Liguria - La Spezia'),
(4894, 542, 'Liguria - Savona'),
(4895, 543, 'Emilia Romagna - Bologna'),
(4896, 544, 'Emilia Romagna - Ferrara'),
(4897, 545, 'Emilia Romagna - Forlì-Cesena'),
(4898, 546, 'Emilia Romagna - Modena'),
(4899, 547, 'Emilia Romagna - Parma'),
(4900, 548, 'Emilia Romagna - Piacenza'),
(4901, 549, 'Emilia Romagna - Ravenna'),
(4902, 550, 'Emilia Romagna - Reggio Emilia'),
(4903, 551, 'Emilia Romagna - Rimini'),
(4904, 552, 'Toscana - Firenze'),
(4905, 553, 'Toscana - Arezzo'),
(4906, 554, 'Toscana - Grosseto'),
(4907, 555, 'Toscana - Livorno'),
(4908, 556, 'Toscana - Lucca'),
(4909, 557, 'Toscana - Massa Carrara'),
(4910, 558, 'Toscana - Pisa'),
(4911, 559, 'Toscana - Pistoia'),
(4912, 560, 'Toscana - Prato'),
(4913, 561, 'Toscana - Siena'),
(4914, 562, 'Umbria - Perugia'),
(4915, 563, 'Umbria - Terni'),
(4916, 564, 'Marche - Ancona'),
(4917, 565, 'Marche - Ascoli Piceno'),
(4918, 566, 'Marche - Macerata'),
(4919, 567, 'Marche - Pesaro - Urbino'),
(4920, 568, 'Lazio - Roma'),
(4921, 569, 'Lazio - Frosinone'),
(4922, 570, 'Lazio - Latina'),
(4923, 571, 'Lazio - Rieti'),
(4924, 572, 'Lazio - Viterbo'),
(4925, 573, 'Abruzzo - L´Aquila'),
(4926, 574, 'Abruzzo - Chieti'),
(4927, 575, 'Abruzzo - Pescara'),
(4928, 576, 'Abruzzo - Teramo'),
(4929, 577, 'Molise - Campobasso'),
(4930, 578, 'Molise - Isernia'),
(4931, 579, 'Campania - Napoli'),
(4932, 580, 'Campania - Avellino'),
(4933, 581, 'Campania - Benevento'),
(4934, 582, 'Campania - Caserta'),
(4935, 583, 'Campania - Salerno'),
(4936, 584, 'Puglia - Bari'),
(4937, 585, 'Puglia - Brindisi'),
(4938, 586, 'Puglia - Foggia'),
(4939, 587, 'Puglia - Lecce'),
(4940, 588, 'Puglia - Taranto'),
(4941, 589, 'Basilicata - Potenza'),
(4942, 590, 'Basilicata - Matera'),
(4943, 591, 'Calabria - Catanzaro'),
(4944, 592, 'Calabria - Cosenza'),
(4945, 593, 'Calabria - Crotone'),
(4946, 594, 'Calabria - Reggio Calabria'),
(4947, 595, 'Calabria - Vibo Valentia'),
(4948, 596, 'Sicilia - Palermo'),
(4949, 597, 'Sicilia - Agrigento'),
(4950, 598, 'Sicilia - Caltanissetta'),
(4951, 599, 'Sicilia - Catania'),
(4952, 600, 'Sicilia - Enna'),
(4953, 601, 'Sicilia - Messina'),
(4954, 602, 'Sicilia - Ragusa'),
(4955, 603, 'Sicilia - Siracusa'),
(4956, 604, 'Sicilia - Trapani'),
(4957, 605, 'Sardegna - Cagliari'),
(4958, 606, 'Sardegna - Nuoro'),
(4959, 607, 'Sardegna - Oristano'),
(4960, 608, 'Sardegna - Sassari'),
(4961, 609, 'Las Palmas'),
(4962, 610, 'Soria'),
(4963, 611, 'Palencia'),
(4964, 612, 'Zamora'),
(4965, 613, 'Cádiz'),
(4966, 614, 'Navarra'),
(4967, 615, 'Ourense'),
(4968, 616, 'Segovia'),
(4969, 617, 'Guip&uacute;zcoa'),
(4970, 618, 'Ciudad Real'),
(4971, 619, 'Vizcaya'),
(4972, 620, 'álava'),
(4973, 621, 'A Coruña'),
(4974, 622, 'Cantabria'),
(4975, 623, 'Almería'),
(4976, 624, 'Zaragoza'),
(4977, 625, 'Santa Cruz de Tenerife'),
(4978, 626, 'Cáceres'),
(4979, 627, 'Guadalajara'),
(4980, 628, 'ávila'),
(4981, 629, 'Toledo'),
(4982, 630, 'Castellón'),
(4983, 631, 'Tarragona'),
(4984, 632, 'Lugo'),
(4985, 633, 'La Rioja'),
(4986, 634, 'Ceuta'),
(4987, 635, 'Murcia'),
(4988, 636, 'Salamanca'),
(4989, 637, 'Valladolid'),
(4990, 638, 'Jaén'),
(4991, 639, 'Girona'),
(4992, 640, 'Granada'),
(4993, 641, 'Alacant'),
(4994, 642, 'Córdoba'),
(4995, 643, 'Albacete'),
(4996, 644, 'Cuenca'),
(4997, 645, 'Pontevedra'),
(4998, 646, 'Teruel'),
(4999, 647, 'Melilla'),
(5000, 648, 'Barcelona'),
(5001, 649, 'Badajoz'),
(5002, 650, 'Madrid'),
(5003, 651, 'Sevilla'),
(5004, 652, 'Val&egrave;ncia'),
(5005, 653, 'Huelva'),
(5006, 654, 'Lleida'),
(5007, 655, 'León'),
(5008, 656, 'Illes Balears'),
(5009, 657, 'Burgos'),
(5010, 658, 'Huesca'),
(5011, 659, 'Asturias'),
(5012, 660, 'Málaga'),
(5013, 661, 'Afghanistan'),
(5014, 662, 'Niger'),
(5015, 663, 'Mali'),
(5016, 664, 'Burkina Faso'),
(5017, 665, 'Togo'),
(5018, 666, 'Benin'),
(5019, 667, 'Angola'),
(5020, 668, 'Namibia'),
(5021, 669, 'Botswana'),
(5022, 670, 'Madagascar'),
(5023, 671, 'Mauritius'),
(5024, 672, 'Laos'),
(5025, 673, 'Cambodia'),
(5026, 674, 'Philippines'),
(5027, 675, 'Papua New Guinea'),
(5028, 676, 'Solomon Islands'),
(5029, 677, 'Vanuatu'),
(5030, 678, 'Fiji'),
(5031, 679, 'Samoa'),
(5032, 680, 'Nauru'),
(5033, 681, 'Cote D&#039;Ivoire'),
(5034, 682, 'Liberia'),
(5035, 683, 'Guinea'),
(5036, 684, 'Guyana'),
(5037, 685, 'Algeria'),
(5038, 686, 'Antigua and Barbuda'),
(5039, 687, 'Bahrain'),
(5040, 688, 'Bangladesh'),
(5041, 689, 'Barbados'),
(5042, 690, 'Bhutan'),
(5043, 691, 'Brunei'),
(5044, 692, 'Burundi'),
(5045, 693, 'Cape Verde'),
(5046, 694, 'Chad'),
(5047, 695, 'Comoros'),
(5048, 696, 'Congo (Brazzaville)'),
(5049, 697, 'Djibouti'),
(5050, 698, 'East Timor'),
(5051, 699, 'Eritrea'),
(5052, 700, 'Ethiopia'),
(5053, 701, 'Gabon'),
(5054, 702, 'Gambia'),
(5055, 703, 'Ghana'),
(5056, 704, 'Lesotho'),
(5057, 705, 'Malawi'),
(5058, 706, 'Maldives'),
(5059, 707, 'Myanmar (Burma)'),
(5060, 708, 'Nepal'),
(5061, 709, 'Oman'),
(5062, 710, 'Rwanda'),
(5063, 711, 'Saudi Arabia'),
(5064, 712, 'Sri Lanka'),
(5065, 713, 'Sudan'),
(5066, 714, 'Swaziland'),
(5067, 715, 'Tanzania'),
(5068, 716, 'Tonga'),
(5069, 717, 'Tuvalu'),
(5070, 718, 'Western Sahara'),
(5071, 719, 'Yemen'),
(5072, 720, 'Zambia'),
(5073, 721, 'Zimbabwe'),
(5074, 722, 'Aargau'),
(5075, 723, 'Appenzell Innerrhoden'),
(5076, 724, 'Appenzell Ausserrhoden'),
(5077, 725, 'Bern'),
(5078, 726, 'Basel-Landschaft'),
(5079, 727, 'Basel-Stadt'),
(5080, 728, 'Fribourg'),
(5081, 729, 'Gen&egrave;ve'),
(5082, 730, 'Glarus'),
(5083, 731, 'Graubünden'),
(5084, 732, 'Jura'),
(5085, 733, 'Luzern'),
(5086, 734, 'Neuch&acirc;tel'),
(5087, 735, 'Nidwalden'),
(5088, 736, 'Obwalden'),
(5089, 737, 'Sankt Gallen'),
(5090, 738, 'Schaffhausen'),
(5091, 739, 'Solothurn'),
(5092, 740, 'Schwyz'),
(5093, 741, 'Thurgau'),
(5094, 742, 'Ticino'),
(5095, 743, 'Uri'),
(5096, 744, 'Vaud'),
(5097, 745, 'Valais'),
(5098, 746, 'Zug'),
(5099, 747, 'Zürich'),
(5100, 749, 'Aveiro'),
(5101, 750, 'Beja'),
(5102, 751, 'Braga'),
(5103, 752, 'Braganca'),
(5104, 753, 'Castelo Branco'),
(5105, 754, 'Coimbra'),
(5106, 755, 'Evora'),
(5107, 756, 'Faro'),
(5108, 757, 'Madeira'),
(5109, 758, 'Guarda'),
(5110, 759, 'Leiria'),
(5111, 760, 'Lisboa'),
(5112, 761, 'Portalegre'),
(5113, 762, 'Porto'),
(5114, 763, 'Santarem'),
(5115, 764, 'Setubal'),
(5116, 765, 'Viana do Castelo'),
(5117, 766, 'Vila Real'),
(5118, 767, 'Viseu'),
(5119, 768, 'Azores'),
(5120, 769, 'Armed Forces Americas'),
(5121, 770, 'Armed Forces Europe'),
(5122, 771, 'Alaska'),
(5123, 772, 'Alabama'),
(5124, 773, 'Armed Forces Pacific'),
(5125, 774, 'Arkansas'),
(5126, 775, 'American Samoa'),
(5127, 776, 'Arizona'),
(5128, 777, 'California'),
(5129, 778, 'Colorado'),
(5130, 779, 'Connecticut'),
(5131, 780, 'District of Columbia'),
(5132, 781, 'Delaware'),
(5133, 782, 'Florida'),
(5134, 783, 'Federated States of Micronesia'),
(5135, 784, 'Georgia'),
(5136, 786, 'Hawaii'),
(5137, 787, 'Iowa'),
(5138, 788, 'Idaho'),
(5139, 789, 'Illinois'),
(5140, 790, 'Indiana'),
(5141, 791, 'Kansas'),
(5142, 792, 'Kentucky'),
(5143, 793, 'Louisiana'),
(5144, 794, 'Massachusetts'),
(5145, 795, 'Maryland'),
(5146, 796, 'Maine'),
(5147, 797, 'Marshall Islands'),
(5148, 798, 'Michigan'),
(5149, 799, 'Minnesota'),
(5150, 800, 'Missouri'),
(5151, 801, 'Northern Mariana Islands'),
(5152, 802, 'Mississippi'),
(5153, 803, 'Montana'),
(5154, 804, 'North Carolina'),
(5155, 805, 'North Dakota'),
(5156, 806, 'Nebraska'),
(5157, 807, 'New Hampshire'),
(5158, 808, 'New Jersey'),
(5159, 809, 'New Mexico'),
(5160, 810, 'Nevada'),
(5161, 811, 'New York'),
(5162, 812, 'Ohio'),
(5163, 813, 'Oklahoma'),
(5164, 814, 'Oregon'),
(5165, 815, 'Pennsylvania'),
(5166, 816, 'Puerto Rico'),
(5167, 817, 'Palau'),
(5168, 818, 'Rhode Island'),
(5169, 819, 'South Carolina'),
(5170, 820, 'South Dakota'),
(5171, 821, 'Tennessee'),
(5172, 822, 'Texas'),
(5173, 823, 'Utah'),
(5174, 824, 'Virginia'),
(5175, 825, 'Virgin Islands'),
(5176, 826, 'Vermont'),
(5177, 827, 'Washington'),
(5178, 828, 'West Virginia'),
(5179, 829, 'Wisconsin'),
(5180, 830, 'Wyoming'),
(5181, 831, 'Greenland'),
(5182, 832, 'Brandenburg'),
(5183, 833, 'Baden-Württemberg'),
(5184, 834, 'Bayern'),
(5185, 835, 'Hessen'),
(5186, 836, 'Hamburg'),
(5187, 837, 'Mecklenburg-Vorpommern'),
(5188, 838, 'Niedersachsen'),
(5189, 839, 'Nordrhein-Westfalen'),
(5190, 840, 'Rheinland-Pfalz'),
(5191, 841, 'Schleswig-Holstein'),
(5192, 842, 'Sachsen'),
(5193, 843, 'Sachsen-Anhalt'),
(5194, 844, 'Thüringen'),
(5195, 845, 'Berlin'),
(5196, 846, 'Bremen'),
(5197, 847, 'Saarland'),
(5198, 848, 'Scotland North'),
(5199, 849, 'England - East'),
(5200, 850, 'England - West Midlands'),
(5201, 851, 'England - South West'),
(5202, 852, 'England - North West'),
(5203, 853, 'England - Yorks &amp; Humber'),
(5204, 854, 'England - South East'),
(5205, 855, 'England - London'),
(5206, 856, 'Northern Ireland'),
(5207, 857, 'England - North East'),
(5208, 858, 'Wales South'),
(5209, 859, 'Wales North'),
(5210, 860, 'England - East Midlands'),
(5211, 861, 'Scotland Central'),
(5212, 862, 'Scotland South'),
(5213, 863, 'Channel Islands'),
(5214, 864, 'Isle of Man'),
(5215, 865, 'Burgenland'),
(5216, 866, 'Kärnten'),
(5217, 867, 'Niederösterreich'),
(5218, 868, 'Oberösterreich'),
(5219, 869, 'Salzburg'),
(5220, 870, 'Steiermark'),
(5221, 871, 'Tirol'),
(5222, 872, 'Vorarlberg'),
(5223, 873, 'Wien'),
(5224, 874, 'Bruxelles'),
(5225, 875, 'West-Vlaanderen'),
(5226, 876, 'Oost-Vlaanderen'),
(5227, 877, 'Limburg'),
(5228, 878, 'Vlaams Brabant'),
(5229, 879, 'Antwerpen'),
(5230, 880, 'LiÄge'),
(5231, 881, 'Namur'),
(5232, 882, 'Hainaut'),
(5233, 883, 'Luxembourg'),
(5234, 884, 'Brabant Wallon'),
(5235, 887, 'Blekinge Lan'),
(5236, 888, 'Gavleborgs Lan'),
(5237, 890, 'Gotlands Lan'),
(5238, 891, 'Hallands Lan'),
(5239, 892, 'Jamtlands Lan'),
(5240, 893, 'Jonkopings Lan'),
(5241, 894, 'Kalmar Lan'),
(5242, 895, 'Dalarnas Lan'),
(5243, 897, 'Kronobergs Lan'),
(5244, 899, 'Norrbottens Lan'),
(5245, 900, 'Orebro Lan'),
(5246, 901, 'Ostergotlands Lan'),
(5247, 903, 'Sodermanlands Lan'),
(5248, 904, 'Uppsala Lan'),
(5249, 905, 'Varmlands Lan'),
(5250, 906, 'Vasterbottens Lan'),
(5251, 907, 'Vasternorrlands Lan'),
(5252, 908, 'Vastmanlands Lan'),
(5253, 909, 'Stockholms Lan'),
(5254, 910, 'Skane Lan'),
(5255, 911, 'Vastra Gotaland'),
(5256, 913, 'Akershus'),
(5257, 914, 'Aust-Agder'),
(5258, 915, 'Buskerud'),
(5259, 916, 'Finnmark'),
(5260, 917, 'Hedmark'),
(5261, 918, 'Hordaland'),
(5262, 919, 'More og Romsdal'),
(5263, 920, 'Nordland'),
(5264, 921, 'Nord-Trondelag'),
(5265, 922, 'Oppland'),
(5266, 923, 'Oslo'),
(5267, 924, 'Ostfold'),
(5268, 925, 'Rogaland'),
(5269, 926, 'Sogn og Fjordane'),
(5270, 927, 'Sor-Trondelag'),
(5271, 928, 'Telemark'),
(5272, 929, 'Troms'),
(5273, 930, 'Vest-Agder'),
(5274, 931, 'Vestfold'),
(5275, 933, '&ETH;&bull;land'),
(5276, 934, 'Lapland'),
(5277, 935, 'Oulu'),
(5278, 936, 'Southern Finland'),
(5279, 937, 'Eastern Finland'),
(5280, 938, 'Western Finland'),
(5281, 940, 'Arhus'),
(5282, 941, 'Bornholm'),
(5283, 942, 'Frederiksborg'),
(5284, 943, 'Fyn'),
(5285, 944, 'Kobenhavn'),
(5286, 945, 'Staden Kobenhavn'),
(5287, 946, 'Nordjylland'),
(5288, 947, 'Ribe'),
(5289, 948, 'Ringkobing'),
(5290, 949, 'Roskilde'),
(5291, 950, 'Sonderjylland'),
(5292, 951, 'Storstrom'),
(5293, 952, 'Vejle'),
(5294, 953, 'Vestsjalland'),
(5295, 954, 'Viborg'),
(5296, 956, 'Hlavni Mesto Praha'),
(5297, 957, 'Jihomoravsky Kraj'),
(5298, 958, 'Jihocesky Kraj'),
(5299, 959, 'Vysocina'),
(5300, 960, 'Karlovarsky Kraj'),
(5301, 961, 'Kralovehradecky Kraj'),
(5302, 962, 'Liberecky Kraj'),
(5303, 963, 'Olomoucky Kraj'),
(5304, 964, 'Moravskoslezsky Kraj'),
(5305, 965, 'Pardubicky Kraj'),
(5306, 966, 'Plzensky Kraj'),
(5307, 967, 'Stredocesky Kraj'),
(5308, 968, 'Ustecky Kraj'),
(5309, 969, 'Zlinsky Kraj'),
(5310, 971, 'Berat'),
(5311, 972, 'Diber'),
(5312, 973, 'Durres'),
(5313, 974, 'Elbasan'),
(5314, 975, 'Fier'),
(5315, 976, 'Gjirokaster'),
(5316, 977, 'Korce'),
(5317, 978, 'Kukes'),
(5318, 979, 'Lezhe'),
(5319, 980, 'Shkoder'),
(5320, 981, 'Tirane'),
(5321, 982, 'Vlore'),
(5322, 984, 'Canillo'),
(5323, 985, 'Encamp'),
(5324, 986, 'La Massana'),
(5325, 987, 'Ordino'),
(5326, 988, 'Sant Julia de Loria'),
(5327, 989, 'Andorra la Vella'),
(5328, 990, 'Escaldes-Engordany'),
(5329, 992, 'Aragatsotn'),
(5330, 993, 'Ararat'),
(5331, 994, 'Armavir'),
(5332, 995, 'Geghark&#039;unik&#039;'),
(5333, 996, 'Kotayk&#039;'),
(5334, 997, 'Lorri'),
(5335, 998, 'Shirak'),
(5336, 999, 'Syunik&#039;'),
(5337, 1000, 'Tavush'),
(5338, 1001, 'Vayots&#039; Dzor'),
(5339, 1002, 'Yerevan'),
(5340, 1004, 'Federation of Bosnia and Herzegovina'),
(5341, 1005, 'Republika Srpska'),
(5342, 1007, 'Mikhaylovgrad'),
(5343, 1008, 'Blagoevgrad'),
(5344, 1009, 'Burgas'),
(5345, 1010, 'Dobrich'),
(5346, 1011, 'Gabrovo'),
(5347, 1012, 'Grad Sofiya'),
(5348, 1013, 'Khaskovo'),
(5349, 1014, 'Kurdzhali'),
(5350, 1015, 'Kyustendil'),
(5351, 1016, 'Lovech'),
(5352, 1017, 'Montana'),
(5353, 1018, 'Pazardzhik'),
(5354, 1019, 'Pernik'),
(5355, 1020, 'Pleven'),
(5356, 1021, 'Plovdiv'),
(5357, 1022, 'Razgrad'),
(5358, 1023, 'Ruse'),
(5359, 1024, 'Shumen'),
(5360, 1025, 'Silistra'),
(5361, 1026, 'Sliven'),
(5362, 1027, 'Smolyan'),
(5363, 1028, 'Sofiya'),
(5364, 1029, 'Stara Zagora'),
(5365, 1030, 'Turgovishte'),
(5366, 1031, 'Varna'),
(5367, 1032, 'Veliko Turnovo'),
(5368, 1033, 'Vidin'),
(5369, 1034, 'Vratsa'),
(5370, 1035, 'Yambol'),
(5371, 1037, 'Bjelovarsko-Bilogorska'),
(5372, 1038, 'Brodsko-Posavska'),
(5373, 1039, 'Dubrovacko-Neretvanska'),
(5374, 1040, 'Istarska'),
(5375, 1041, 'Karlovacka'),
(5376, 1042, 'Koprivnicko-Krizevacka'),
(5377, 1043, 'Krapinsko-Zagorska'),
(5378, 1044, 'Licko-Senjska'),
(5379, 1045, 'Medimurska'),
(5380, 1046, 'Osjecko-Baranjska'),
(5381, 1047, 'Pozesko-Slavonska'),
(5382, 1048, 'Primorsko-Goranska'),
(5383, 1049, 'Sibensko-Kninska'),
(5384, 1050, 'Sisacko-Moslavacka'),
(5385, 1051, 'Splitsko-Dalmatinska'),
(5386, 1052, 'Varazdinska'),
(5387, 1053, 'Viroviticko-Podravska'),
(5388, 1054, 'Vukovarsko-Srijemska'),
(5389, 1055, 'Zadarska'),
(5390, 1056, 'Zagrebacka'),
(5391, 1057, 'Grad Zagreb'),
(5392, 1059, 'Gibraltar'),
(5393, 1060, 'Evros'),
(5394, 1061, 'Rodhopi'),
(5395, 1062, 'Xanthi'),
(5396, 1063, 'Drama'),
(5397, 1064, 'Serrai'),
(5398, 1065, 'Kilkis'),
(5399, 1066, 'Pella'),
(5400, 1067, 'Florina'),
(5401, 1068, 'Kastoria'),
(5402, 1069, 'Grevena'),
(5403, 1070, 'Kozani'),
(5404, 1071, 'Imathia'),
(5405, 1072, 'Thessaloniki'),
(5406, 1073, 'Kavala'),
(5407, 1074, 'Khalkidhiki'),
(5408, 1075, 'Pieria'),
(5409, 1076, 'Ioannina'),
(5410, 1077, 'Thesprotia'),
(5411, 1078, 'Preveza'),
(5412, 1079, 'Arta'),
(5413, 1080, 'Larisa'),
(5414, 1081, 'Trikala'),
(5415, 1082, 'Kardhitsa'),
(5416, 1083, 'Magnisia'),
(5417, 1084, 'Kerkira'),
(5418, 1085, 'Levkas'),
(5419, 1086, 'Kefallinia'),
(5420, 1087, 'Zakinthos'),
(5421, 1088, 'Fthiotis'),
(5422, 1089, 'Evritania'),
(5423, 1090, 'Aitolia kai Akarnania'),
(5424, 1091, 'Fokis'),
(5425, 1092, 'Voiotia'),
(5426, 1093, 'Evvoia'),
(5427, 1094, 'Attiki'),
(5428, 1095, 'Argolis'),
(5429, 1096, 'Korinthia'),
(5430, 1097, 'Akhaia'),
(5431, 1098, 'Ilia'),
(5432, 1099, 'Messinia'),
(5433, 1100, 'Arkadhia'),
(5434, 1101, 'Lakonia'),
(5435, 1102, 'Khania'),
(5436, 1103, 'Rethimni'),
(5437, 1104, 'Iraklion'),
(5438, 1105, 'Lasithi'),
(5439, 1106, 'Dhodhekanisos'),
(5440, 1107, 'Samos'),
(5441, 1108, 'Kikladhes'),
(5442, 1109, 'Khios'),
(5443, 1110, 'Lesvos'),
(5444, 1112, 'Bacs-Kiskun'),
(5445, 1113, 'Baranya'),
(5446, 1114, 'Bekes'),
(5447, 1115, 'Borsod-Abauj-Zemplen'),
(5448, 1116, 'Budapest'),
(5449, 1117, 'Csongrad'),
(5450, 1118, 'Debrecen'),
(5451, 1119, 'Fejer'),
(5452, 1120, 'Gyor-Moson-Sopron'),
(5453, 1121, 'Hajdu-Bihar'),
(5454, 1122, 'Heves'),
(5455, 1123, 'Komarom-Esztergom'),
(5456, 1124, 'Miskolc'),
(5457, 1125, 'Nograd'),
(5458, 1126, 'Pecs'),
(5459, 1127, 'Pest'),
(5460, 1128, 'Somogy'),
(5461, 1129, 'Szabolcs-Szatmar-Bereg'),
(5462, 1130, 'Szeged'),
(5463, 1131, 'Jasz-Nagykun-Szolnok'),
(5464, 1132, 'Tolna'),
(5465, 1133, 'Vas'),
(5466, 1134, 'Veszprem'),
(5467, 1135, 'Zala'),
(5468, 1136, 'Gyor'),
(5469, 1150, 'Veszprem'),
(5470, 1152, 'Balzers'),
(5471, 1153, 'Eschen'),
(5472, 1154, 'Gamprin'),
(5473, 1155, 'Mauren'),
(5474, 1156, 'Planken'),
(5475, 1157, 'Ruggell'),
(5476, 1158, 'Schaan'),
(5477, 1159, 'Schellenberg'),
(5478, 1160, 'Triesen'),
(5479, 1161, 'Triesenberg'),
(5480, 1162, 'Vaduz'),
(5481, 1163, 'Diekirch'),
(5482, 1164, 'Grevenmacher'),
(5483, 1165, 'Luxembourg'),
(5484, 1167, 'Aracinovo'),
(5485, 1168, 'Bac'),
(5486, 1169, 'Belcista'),
(5487, 1170, 'Berovo'),
(5488, 1171, 'Bistrica'),
(5489, 1172, 'Bitola'),
(5490, 1173, 'Blatec'),
(5491, 1174, 'Bogdanci'),
(5492, 1175, 'Bogomila'),
(5493, 1176, 'Bogovinje'),
(5494, 1177, 'Bosilovo'),
(5495, 1179, 'Cair'),
(5496, 1180, 'Capari'),
(5497, 1181, 'Caska'),
(5498, 1182, 'Cegrane'),
(5499, 1184, 'Centar Zupa'),
(5500, 1187, 'Debar'),
(5501, 1188, 'Delcevo'),
(5502, 1190, 'Demir Hisar'),
(5503, 1191, 'Demir Kapija'),
(5504, 1195, 'Dorce Petrov'),
(5505, 1198, 'Gazi Baba'),
(5506, 1199, 'Gevgelija'),
(5507, 1200, 'Gostivar'),
(5508, 1201, 'Gradsko'),
(5509, 1204, 'Jegunovce'),
(5510, 1205, 'Kamenjane'),
(5511, 1207, 'Karpos'),
(5512, 1208, 'Kavadarci'),
(5513, 1209, 'Kicevo'),
(5514, 1210, 'Kisela Voda'),
(5515, 1211, 'Klecevce'),
(5516, 1212, 'Kocani'),
(5517, 1214, 'Kondovo'),
(5518, 1217, 'Kratovo'),
(5519, 1219, 'Krivogastani'),
(5520, 1220, 'Krusevo'),
(5521, 1223, 'Kumanovo'),
(5522, 1224, 'Labunista'),
(5523, 1225, 'Lipkovo'),
(5524, 1228, 'Makedonska Kamenica'),
(5525, 1229, 'Makedonski Brod'),
(5526, 1234, 'Murtino'),
(5527, 1235, 'Negotino'),
(5528, 1238, 'Novo Selo'),
(5529, 1240, 'Ohrid'),
(5530, 1242, 'Orizari'),
(5531, 1245, 'Petrovec'),
(5532, 1248, 'Prilep'),
(5533, 1249, 'Probistip'),
(5534, 1250, 'Radovis'),
(5535, 1252, 'Resen'),
(5536, 1253, 'Rosoman'),
(5537, 1256, 'Saraj'),
(5538, 1260, 'Srbinovo'),
(5539, 1262, 'Star Dojran'),
(5540, 1264, 'Stip'),
(5541, 1265, 'Struga'),
(5542, 1266, 'Strumica'),
(5543, 1267, 'Studenicani'),
(5544, 1268, 'Suto Orizari'),
(5545, 1269, 'Sveti Nikole'),
(5546, 1270, 'Tearce'),
(5547, 1271, 'Tetovo'),
(5548, 1273, 'Valandovo'),
(5549, 1275, 'Veles'),
(5550, 1277, 'Vevcani'),
(5551, 1278, 'Vinica'),
(5552, 1281, 'Vrapciste'),
(5553, 1286, 'Zelino'),
(5554, 1289, 'Zrnovci'),
(5555, 1291, 'Malta'),
(5556, 1292, 'La Condamine'),
(5557, 1293, 'Monaco'),
(5558, 1294, 'Monte-Carlo'),
(5559, 1295, 'Biala Podlaska'),
(5560, 1296, 'Bialystok'),
(5561, 1297, 'Bielsko'),
(5562, 1298, 'Bydgoszcz'),
(5563, 1299, 'Chelm'),
(5564, 1300, 'Ciechanow'),
(5565, 1301, 'Czestochowa'),
(5566, 1302, 'Elblag'),
(5567, 1303, 'Gdansk'),
(5568, 1304, 'Gorzow'),
(5569, 1305, 'Jelenia Gora'),
(5570, 1306, 'Kalisz'),
(5571, 1307, 'Katowice'),
(5572, 1308, 'Kielce'),
(5573, 1309, 'Konin'),
(5574, 1310, 'Koszalin'),
(5575, 1311, 'Krakow'),
(5576, 1312, 'Krosno'),
(5577, 1313, 'Legnica'),
(5578, 1314, 'Leszno'),
(5579, 1315, 'Lodz'),
(5580, 1316, 'Lomza'),
(5581, 1317, 'Lublin'),
(5582, 1318, 'Nowy Sacz'),
(5583, 1319, 'Olsztyn'),
(5584, 1320, 'Opole'),
(5585, 1321, 'Ostroleka'),
(5586, 1322, 'Pila'),
(5587, 1323, 'Piotrkow'),
(5588, 1324, 'Plock'),
(5589, 1325, 'Poznan'),
(5590, 1326, 'Przemysl'),
(5591, 1327, 'Radom'),
(5592, 1328, 'Rzeszow'),
(5593, 1329, 'Siedlce'),
(5594, 1330, 'Sieradz'),
(5595, 1331, 'Skierniewice'),
(5596, 1332, 'Slupsk'),
(5597, 1333, 'Suwalki'),
(5598, 1335, 'Tarnobrzeg'),
(5599, 1336, 'Tarnow'),
(5600, 1337, 'Torun'),
(5601, 1338, 'Walbrzych'),
(5602, 1339, 'Warszawa'),
(5603, 1340, 'Wloclawek'),
(5604, 1341, 'Wroclaw'),
(5605, 1342, 'Zamosc'),
(5606, 1343, 'Zielona Gora'),
(5607, 1344, 'Dolnoslaskie'),
(5608, 1345, 'Kujawsko-Pomorskie'),
(5609, 1346, 'Lodzkie'),
(5610, 1347, 'Lubelskie'),
(5611, 1348, 'Lubuskie'),
(5612, 1349, 'Malopolskie'),
(5613, 1350, 'Mazowieckie'),
(5614, 1351, 'Opolskie'),
(5615, 1352, 'Podkarpackie'),
(5616, 1353, 'Podlaskie'),
(5617, 1354, 'Pomorskie'),
(5618, 1355, 'Slaskie'),
(5619, 1356, 'Swietokrzyskie'),
(5620, 1357, 'Warminsko-Mazurskie'),
(5621, 1358, 'Wielkopolskie'),
(5622, 1359, 'Zachodniopomorskie'),
(5623, 1361, 'Alba'),
(5624, 1362, 'Arad'),
(5625, 1363, 'Arges'),
(5626, 1364, 'Bacau'),
(5627, 1365, 'Bihor'),
(5628, 1366, 'Bistrita-Nasaud'),
(5629, 1367, 'Botosani'),
(5630, 1368, 'Braila'),
(5631, 1369, 'Brasov'),
(5632, 1370, 'Bucuresti'),
(5633, 1371, 'Buzau'),
(5634, 1372, 'Caras-Severin'),
(5635, 1373, 'Cluj'),
(5636, 1374, 'Constanta'),
(5637, 1375, 'Covasna'),
(5638, 1376, 'Dambovita'),
(5639, 1377, 'Dolj'),
(5640, 1378, 'Galati'),
(5641, 1379, 'Gorj'),
(5642, 1380, 'Harghita'),
(5643, 1381, 'Hunedoara'),
(5644, 1382, 'Ialomita'),
(5645, 1383, 'Iasi'),
(5646, 1384, 'Maramures'),
(5647, 1385, 'Mehedinti'),
(5648, 1386, 'Mures'),
(5649, 1387, 'Neamt'),
(5650, 1388, 'Olt'),
(5651, 1389, 'Prahova'),
(5652, 1390, 'Salaj'),
(5653, 1391, 'Satu Mare'),
(5654, 1392, 'Sibiu'),
(5655, 1393, 'Suceava'),
(5656, 1394, 'Teleorman'),
(5657, 1395, 'Timis'),
(5658, 1396, 'Tulcea'),
(5659, 1397, 'Vaslui'),
(5660, 1398, 'Valcea'),
(5661, 1399, 'Vrancea'),
(5662, 1400, 'Calarasi'),
(5663, 1401, 'Giurgiu'),
(5664, 1404, 'Acquaviva'),
(5665, 1405, 'Chiesanuova'),
(5666, 1406, 'Domagnano'),
(5667, 1407, 'Faetano'),
(5668, 1408, 'Fiorentino'),
(5669, 1409, 'Borgo Maggiore'),
(5670, 1410, 'San Marino'),
(5671, 1411, 'Monte Giardino'),
(5672, 1412, 'Serravalle'),
(5673, 1413, 'Banska Bystrica'),
(5674, 1414, 'Bratislava'),
(5675, 1415, 'Kosice'),
(5676, 1416, 'Nitra'),
(5677, 1417, 'Presov'),
(5678, 1418, 'Trencin'),
(5679, 1419, 'Trnava'),
(5680, 1420, 'Zilina'),
(5681, 1423, 'Beltinci'),
(5682, 1425, 'Bohinj'),
(5683, 1426, 'Borovnica'),
(5684, 1427, 'Bovec'),
(5685, 1428, 'Brda'),
(5686, 1429, 'Brezice'),
(5687, 1430, 'Brezovica'),
(5688, 1432, 'Cerklje na Gorenjskem'),
(5689, 1434, 'Cerkno'),
(5690, 1436, 'Crna na Koroskem'),
(5691, 1437, 'Crnomelj'),
(5692, 1438, 'Divaca'),
(5693, 1439, 'Dobrepolje'),
(5694, 1440, 'Dol pri Ljubljani'),
(5695, 1443, 'Duplek'),
(5696, 1447, 'Gornji Grad'),
(5697, 1450, 'Hrastnik'),
(5698, 1451, 'Hrpelje-Kozina'),
(5699, 1452, 'Idrija'),
(5700, 1453, 'Ig'),
(5701, 1454, 'Ilirska Bistrica'),
(5702, 1455, 'Ivancna Gorica'),
(5703, 1462, 'Komen'),
(5704, 1463, 'Koper-Capodistria'),
(5705, 1464, 'Kozje'),
(5706, 1465, 'Kranj'),
(5707, 1466, 'Kranjska Gora'),
(5708, 1467, 'Krsko'),
(5709, 1469, 'Lasko'),
(5710, 1470, 'Ljubljana'),
(5711, 1471, 'Ljubno'),
(5712, 1472, 'Logatec'),
(5713, 1475, 'Medvode'),
(5714, 1476, 'Menges'),
(5715, 1478, 'Mezica'),
(5716, 1480, 'Moravce'),
(5717, 1482, 'Mozirje'),
(5718, 1483, 'Murska Sobota'),
(5719, 1487, 'Nova Gorica'),
(5720, 1489, 'Ormoz'),
(5721, 1491, 'Pesnica'),
(5722, 1494, 'Postojna'),
(5723, 1497, 'Radece'),
(5724, 1498, 'Radenci'),
(5725, 1500, 'Radovljica'),
(5726, 1502, 'Rogaska Slatina'),
(5727, 1505, 'Sencur'),
(5728, 1506, 'Sentilj'),
(5729, 1508, 'Sevnica'),
(5730, 1509, 'Sezana'),
(5731, 1511, 'Skofja Loka'),
(5732, 1513, 'Slovenj Gradec'),
(5733, 1514, 'Slovenske Konjice'),
(5734, 1515, 'Smarje pri Jelsah'),
(5735, 1521, 'Tolmin'),
(5736, 1522, 'Trbovlje'),
(5737, 1524, 'Trzic'),
(5738, 1526, 'Velenje'),
(5739, 1528, 'Vipava'),
(5740, 1531, 'Vrhnika'),
(5741, 1532, 'Vuzenica'),
(5742, 1533, 'Zagorje ob Savi'),
(5743, 1535, 'Zelezniki'),
(5744, 1536, 'Ziri'),
(5745, 1537, 'Zrece'),
(5746, 1539, 'Domzale'),
(5747, 1540, 'Jesenice'),
(5748, 1541, 'Kamnik'),
(5749, 1542, 'Kocevje'),
(5750, 1544, 'Lenart'),
(5751, 1545, 'Litija'),
(5752, 1546, 'Ljutomer'),
(5753, 1550, 'Maribor'),
(5754, 1552, 'Novo Mesto'),
(5755, 1553, 'Piran'),
(5756, 1554, 'Preddvor'),
(5757, 1555, 'Ptuj'),
(5758, 1556, 'Ribnica'),
(5759, 1558, 'Sentjur pri Celju'),
(5760, 1559, 'Slovenska Bistrica'),
(5761, 1560, 'Videm'),
(5762, 1562, 'Zalec'),
(5763, 1564, 'Seychelles'),
(5764, 1565, 'Mauritania'),
(5765, 1566, 'Senegal'),
(5766, 1567, 'Road Town'),
(5767, 1568, 'Congo'),
(5768, 1569, 'Avarua'),
(5769, 1570, 'Malabo'),
(5770, 1571, 'Torshavn'),
(5771, 1572, 'Papeete'),
(5772, 1573, 'St George&#039;s'),
(5773, 1574, 'St Peter Port'),
(5774, 1575, 'Bissau'),
(5775, 1576, 'Saint Helier'),
(5776, 1577, 'Fort-de-France'),
(5777, 1578, 'Willemstad'),
(5778, 1579, 'Noumea'),
(5779, 1580, 'Kingston'),
(5780, 1581, 'Adamstown'),
(5781, 1582, 'Doha'),
(5782, 1583, 'Jamestown'),
(5783, 1584, 'Basseterre'),
(5784, 1585, 'Castries'),
(5785, 1586, 'Saint Pierre'),
(5786, 1587, 'Kingstown'),
(5787, 1588, 'San Tome');
INSERT INTO `localidad` (`id`, `id_provincia`, `localidad`) VALUES
(5788, 1589, 'Belgrade'),
(5789, 1590, 'Freetown'),
(5790, 1591, 'Mogadishu'),
(5791, 1592, 'Fakaofo'),
(5792, 1593, 'Port of Spain'),
(5793, 1594, 'Mata-Utu'),
(5794, 1596, 'Amazonas'),
(5795, 1597, 'Ancash'),
(5796, 1598, 'Apurímac'),
(5797, 1599, 'Arequipa'),
(5798, 1600, 'Ayacucho'),
(5799, 1601, 'Cajamarca'),
(5800, 1602, 'Callao'),
(5801, 1603, 'Cusco'),
(5802, 1604, 'Huancavelica'),
(5803, 1605, 'Huánuco'),
(5804, 1606, 'Ica'),
(5805, 1607, 'Junín'),
(5806, 1608, 'La Libertad'),
(5807, 1609, 'Lambayeque'),
(5808, 1610, 'Lima'),
(5809, 1611, 'Loreto'),
(5810, 1612, 'Madre de Dios'),
(5811, 1613, 'Moquegua'),
(5812, 1614, 'Pasco'),
(5813, 1615, 'Piura'),
(5814, 1616, 'Puno'),
(5815, 1617, 'San Martín'),
(5816, 1618, 'Tacna'),
(5817, 1619, 'Tumbes'),
(5818, 1620, 'Ucayali'),
(5819, 1622, 'Alto Paraná'),
(5820, 1623, 'Amambay'),
(5821, 1624, 'Boquerón'),
(5822, 1625, 'Caaguaz&uacute;'),
(5823, 1626, 'Caazapá'),
(5824, 1627, 'Central'),
(5825, 1628, 'Concepción'),
(5826, 1629, 'Cordillera'),
(5827, 1630, 'Guairá'),
(5828, 1631, 'Itap&uacute;a'),
(5829, 1632, 'Misiones'),
(5830, 1633, 'Neembuc&uacute;'),
(5831, 1634, 'Paraguarí'),
(5832, 1635, 'Presidente Hayes'),
(5833, 1636, 'San Pedro'),
(5834, 1637, 'Alto Paraguay'),
(5835, 1638, 'Canindey&uacute;'),
(5836, 1639, 'Chaco'),
(5837, 1642, 'Artigas'),
(5838, 1643, 'Canelones'),
(5839, 1644, 'Cerro Largo'),
(5840, 1645, 'Colonia'),
(5841, 1646, 'Durazno'),
(5842, 1647, 'Flores'),
(5843, 1648, 'Florida'),
(5844, 1649, 'Lavalleja'),
(5845, 1650, 'Maldonado'),
(5846, 1651, 'Montevideo'),
(5847, 1652, 'Paysand&uacute;'),
(5848, 1653, 'Río Negro'),
(5849, 1654, 'Rivera'),
(5850, 1655, 'Rocha'),
(5851, 1656, 'Salto'),
(5852, 1657, 'San José'),
(5853, 1658, 'Soriano'),
(5854, 1659, 'Tacuarembó'),
(5855, 1660, 'Treinta y Tres'),
(5856, 1662, 'Región de Tarapacá'),
(5857, 1663, 'Región de Antofagasta'),
(5858, 1664, 'Región de Atacama'),
(5859, 1665, 'Región de Coquimbo'),
(5860, 1666, 'Región de Valparaíso'),
(5861, 1667, 'Región del Libertador General Bernardo O&#039;Higgins'),
(5862, 1668, 'Región del Maule'),
(5863, 1669, 'Región del Bío Bío'),
(5864, 1670, 'Región de La Araucanía'),
(5865, 1671, 'Región de Los Lagos'),
(5866, 1672, 'Región Aisén del General Carlos Ibáñez del Campo'),
(5867, 1673, 'Región de Magallanes y de la Antártica Chilena'),
(5868, 1674, 'Región Metropolitana de Santiago'),
(5869, 1676, 'Alta Verapaz'),
(5870, 1677, 'Baja Verapaz'),
(5871, 1678, 'Chimaltenango'),
(5872, 1679, 'Chiquimula'),
(5873, 1680, 'El Progreso'),
(5874, 1681, 'Escuintla'),
(5875, 1682, 'Guatemala'),
(5876, 1683, 'Huehuetenango'),
(5877, 1684, 'Izabal'),
(5878, 1685, 'Jalapa'),
(5879, 1686, 'Jutiapa'),
(5880, 1687, 'Petén'),
(5881, 1688, 'Quetzaltenango'),
(5882, 1689, 'Quiché'),
(5883, 1690, 'Retalhuleu'),
(5884, 1691, 'Sacatepéquez'),
(5885, 1692, 'San Marcos'),
(5886, 1693, 'Santa Rosa'),
(5887, 1694, 'Sololá'),
(5888, 1695, 'Suchitepequez'),
(5889, 1696, 'Totonicapán'),
(5890, 1697, 'Zacapa'),
(5891, 1699, 'Amazonas'),
(5892, 1700, 'Antioquia'),
(5893, 1701, 'Arauca'),
(5894, 1702, 'Atlántico'),
(5895, 1703, 'Caquetá'),
(5896, 1704, 'Cauca'),
(5897, 1705, 'César'),
(5898, 1706, 'Chocó'),
(5899, 1707, 'Córdoba'),
(5900, 1708, 'Guaviare'),
(5901, 1709, 'Guainía'),
(5902, 1710, 'Huila'),
(5903, 1711, 'La Guajira'),
(5904, 1712, 'Meta'),
(5905, 1713, 'Narino'),
(5906, 1714, 'Norte de Santander'),
(5907, 1715, 'Putumayo'),
(5908, 1716, 'Quindío'),
(5909, 1717, 'Risaralda'),
(5910, 1718, 'San Andrés y Providencia'),
(5911, 1719, 'Santander'),
(5912, 1720, 'Sucre'),
(5913, 1721, 'Tolima'),
(5914, 1722, 'Valle del Cauca'),
(5915, 1723, 'Vaupés'),
(5916, 1724, 'Vichada'),
(5917, 1725, 'Casanare'),
(5918, 1726, 'Cundinamarca'),
(5919, 1727, 'Distrito Especial'),
(5920, 1730, 'Caldas'),
(5921, 1731, 'Magdalena'),
(5922, 1733, 'Aguascalientes'),
(5923, 1734, 'Baja California'),
(5924, 1735, 'Baja California Sur'),
(5925, 1736, 'Campeche'),
(5926, 1737, 'Chiapas'),
(5927, 1738, 'Chihuahua'),
(5928, 1739, 'Coahuila de Zaragoza'),
(5929, 1740, 'Colima'),
(5930, 1741, 'Distrito Federal'),
(5931, 1742, 'Durango'),
(5932, 1743, 'Guanajuato'),
(5933, 1744, 'Guerrero'),
(5934, 1745, 'Hidalgo'),
(5935, 1746, 'Jalisco'),
(5936, 1747, 'México'),
(5937, 1748, 'Michoacán de Ocampo'),
(5938, 1749, 'Morelos'),
(5939, 1750, 'Nayarit'),
(5940, 1751, 'Nuevo León'),
(5941, 1752, 'Oaxaca'),
(5942, 1753, 'Puebla'),
(5943, 1754, 'Querétaro de Arteaga'),
(5944, 1755, 'Quintana Roo'),
(5945, 1756, 'San Luis Potosí'),
(5946, 1757, 'Sinaloa'),
(5947, 1758, 'Sonora'),
(5948, 1759, 'Tabasco'),
(5949, 1760, 'Tamaulipas'),
(5950, 1761, 'Tlaxcala'),
(5951, 1762, 'Veracruz-Llave'),
(5952, 1763, 'Yucatán'),
(5953, 1764, 'Zacatecas'),
(5954, 1766, 'Bocas del Toro'),
(5955, 1767, 'Chiriquí'),
(5956, 1768, 'Coclé'),
(5957, 1769, 'Colón'),
(5958, 1770, 'Darién'),
(5959, 1771, 'Herrera'),
(5960, 1772, 'Los Santos'),
(5961, 1773, 'Panamá'),
(5962, 1774, 'San Blas'),
(5963, 1775, 'Veraguas'),
(5964, 1777, 'Chuquisaca'),
(5965, 1778, 'Cochabamba'),
(5966, 1779, 'El Beni'),
(5967, 1780, 'La Paz'),
(5968, 1781, 'Oruro'),
(5969, 1782, 'Pando'),
(5970, 1783, 'Potosí'),
(5971, 1784, 'Santa Cruz'),
(5972, 1785, 'Tarija'),
(5973, 1787, 'Alajuela'),
(5974, 1788, 'Cartago'),
(5975, 1789, 'Guanacaste'),
(5976, 1790, 'Heredia'),
(5977, 1791, 'Limón'),
(5978, 1792, 'Puntarenas'),
(5979, 1793, 'San José'),
(5980, 1795, 'Galápagos'),
(5981, 1796, 'Azuay'),
(5982, 1797, 'Bolívar'),
(5983, 1798, 'Canar'),
(5984, 1799, 'Carchi'),
(5985, 1800, 'Chimborazo'),
(5986, 1801, 'Cotopaxi'),
(5987, 1802, 'El Oro'),
(5988, 1803, 'Esmeraldas'),
(5989, 1804, 'Guayas'),
(5990, 1805, 'Imbabura'),
(5991, 1806, 'Loja'),
(5992, 1807, 'Los Ríos'),
(5993, 1808, 'Manabí'),
(5994, 1809, 'Morona-Santiago'),
(5995, 1810, 'Pastaza'),
(5996, 1811, 'Pichincha'),
(5997, 1812, 'Tungurahua'),
(5998, 1813, 'Zamora-Chinchipe'),
(5999, 1814, 'Sucumbíos'),
(6000, 1815, 'Napo'),
(6001, 1816, 'Orellana'),
(6002, 1843, 'Amazonas'),
(6003, 1844, 'Anzoategui'),
(6004, 1845, 'Apure'),
(6005, 1846, 'Aragua'),
(6006, 1847, 'Barinas'),
(6007, 1848, 'Bolívar'),
(6008, 1849, 'Carabobo'),
(6009, 1850, 'Cojedes'),
(6010, 1851, 'Delta Amacuro'),
(6011, 1852, 'Falcón'),
(6012, 1853, 'Guárico'),
(6013, 1854, 'Lara'),
(6014, 1855, 'Mérida'),
(6015, 1856, 'Miranda'),
(6016, 1857, 'Monagas'),
(6017, 1858, 'Nueva Esparta'),
(6018, 1859, 'Portuguesa'),
(6019, 1860, 'Sucre'),
(6020, 1861, 'Táchira'),
(6021, 1862, 'Trujillo'),
(6022, 1863, 'Yaracuy'),
(6023, 1864, 'Zulia'),
(6024, 1865, 'Dependencias Federales'),
(6025, 1866, 'Distrito Capital'),
(6026, 1867, 'Vargas'),
(6027, 1869, 'Boaco'),
(6028, 1870, 'Carazo'),
(6029, 1871, 'Chinandega'),
(6030, 1872, 'Chontales'),
(6031, 1873, 'Estelí'),
(6032, 1874, 'Granada'),
(6033, 1875, 'Jinotega'),
(6034, 1876, 'León'),
(6035, 1877, 'Madriz'),
(6036, 1878, 'Managua'),
(6037, 1879, 'Masaya'),
(6038, 1880, 'Matagalpa'),
(6039, 1881, 'Nueva Segovia'),
(6040, 1882, 'Rio San Juan'),
(6041, 1883, 'Rivas'),
(6042, 1884, 'Zelaya'),
(6043, 1886, 'Pinar del Rio'),
(6044, 1887, 'Ciudad de la Habana'),
(6045, 1888, 'Matanzas'),
(6046, 1889, 'Isla de la Juventud'),
(6047, 1890, 'Camaguey'),
(6048, 1891, 'Ciego de Avila'),
(6049, 1892, 'Cienfuegos'),
(6050, 1893, 'Granma'),
(6051, 1894, 'Guantanamo'),
(6052, 1895, 'La Habana'),
(6053, 1896, 'Holguin'),
(6054, 1897, 'Las Tunas'),
(6055, 1898, 'Sancti Spiritus'),
(6056, 1899, 'Santiago de Cuba'),
(6057, 1900, 'Villa Clara'),
(6058, 1901, 'Acre'),
(6059, 1902, 'Alagoas'),
(6060, 1903, 'Amapa'),
(6061, 1904, 'Amazonas'),
(6062, 1905, 'Bahia'),
(6063, 1906, 'Ceara'),
(6064, 1907, 'Distrito Federal'),
(6065, 1908, 'Espirito Santo'),
(6066, 1909, 'Mato Grosso do Sul'),
(6067, 1910, 'Maranhao'),
(6068, 1911, 'Mato Grosso'),
(6069, 1912, 'Minas Gerais'),
(6070, 1913, 'Para'),
(6071, 1914, 'Paraiba'),
(6072, 1915, 'Parana'),
(6073, 1916, 'Piaui'),
(6074, 1917, 'Rio de Janeiro'),
(6075, 1918, 'Rio Grande do Norte'),
(6076, 1919, 'Rio Grande do Sul'),
(6077, 1920, 'Rondonia'),
(6078, 1921, 'Roraima'),
(6079, 1922, 'Santa Catarina'),
(6080, 1923, 'Sao Paulo'),
(6081, 1924, 'Sergipe'),
(6082, 1925, 'Goias'),
(6083, 1926, 'Pernambuco'),
(6084, 1927, 'Tocantins'),
(6085, 1930, 'Akureyri'),
(6086, 1931, 'Arnessysla'),
(6087, 1932, 'Austur-Bardastrandarsysla'),
(6088, 1933, 'Austur-Hunavatnssysla'),
(6089, 1934, 'Austur-Skaftafellssysla'),
(6090, 1935, 'Borgarfjardarsysla'),
(6091, 1936, 'Dalasysla'),
(6092, 1937, 'Eyjafjardarsysla'),
(6093, 1938, 'Gullbringusysla'),
(6094, 1939, 'Hafnarfjordur'),
(6095, 1943, 'Kjosarsysla'),
(6096, 1944, 'Kopavogur'),
(6097, 1945, 'Myrasysla'),
(6098, 1946, 'Neskaupstadur'),
(6099, 1947, 'Nordur-Isafjardarsysla'),
(6100, 1948, 'Nordur-Mulasysla'),
(6101, 1949, 'Nordur-Tingeyjarsysla'),
(6102, 1950, 'Olafsfjordur'),
(6103, 1951, 'Rangarvallasysla'),
(6104, 1952, 'Reykjavik'),
(6105, 1953, 'Saudarkrokur'),
(6106, 1954, 'Seydisfjordur'),
(6107, 1956, 'Skagafjardarsysla'),
(6108, 1957, 'Snafellsnes- og Hnappadalssysla'),
(6109, 1958, 'Strandasysla'),
(6110, 1959, 'Sudur-Mulasysla'),
(6111, 1960, 'Sudur-Tingeyjarsysla'),
(6112, 1961, 'Vestmannaeyjar'),
(6113, 1962, 'Vestur-Bardastrandarsysla'),
(6114, 1964, 'Vestur-Isafjardarsysla'),
(6115, 1965, 'Vestur-Skaftafellssysla'),
(6116, 1966, 'Anhui'),
(6117, 1967, 'Zhejiang'),
(6118, 1968, 'Jiangxi'),
(6119, 1969, 'Jiangsu'),
(6120, 1970, 'Jilin'),
(6121, 1971, 'Qinghai'),
(6122, 1972, 'Fujian'),
(6123, 1973, 'Heilongjiang'),
(6124, 1974, 'Henan'),
(6125, 1975, 'Hebei'),
(6126, 1976, 'Hunan'),
(6127, 1977, 'Hubei'),
(6128, 1978, 'Xinjiang'),
(6129, 1979, 'Xizang'),
(6130, 1980, 'Gansu'),
(6131, 1981, 'Guangxi'),
(6132, 1982, 'Guizhou'),
(6133, 1983, 'Liaoning'),
(6134, 1984, 'Nei Mongol'),
(6135, 1985, 'Ningxia'),
(6136, 1986, 'Beijing'),
(6137, 1987, 'Shanghai'),
(6138, 1988, 'Shanxi'),
(6139, 1989, 'Shandong'),
(6140, 1990, 'Shaanxi'),
(6141, 1991, 'Sichuan'),
(6142, 1992, 'Tianjin'),
(6143, 1993, 'Yunnan'),
(6144, 1994, 'Guangdong'),
(6145, 1995, 'Hainan'),
(6146, 1996, 'Chongqing'),
(6147, 1997, 'Central'),
(6148, 1998, 'Coast'),
(6149, 1999, 'Eastern'),
(6150, 2000, 'Nairobi Area'),
(6151, 2001, 'North-Eastern'),
(6152, 2002, 'Nyanza'),
(6153, 2003, 'Rift Valley'),
(6154, 2004, 'Western'),
(6155, 2006, 'Gilbert Islands'),
(6156, 2007, 'Line Islands'),
(6157, 2008, 'Phoenix Islands'),
(6158, 2010, 'Australian Capital Territory'),
(6159, 2011, 'New South Wales'),
(6160, 2012, 'Northern Territory'),
(6161, 2013, 'Queensland'),
(6162, 2014, 'South Australia'),
(6163, 2015, 'Tasmania'),
(6164, 2016, 'Victoria'),
(6165, 2017, 'Western Australia'),
(6166, 2018, 'Dublin'),
(6167, 2019, 'Galway'),
(6168, 2020, 'Kildare'),
(6169, 2021, 'Leitrim'),
(6170, 2022, 'Limerick'),
(6171, 2023, 'Mayo'),
(6172, 2024, 'Meath'),
(6173, 2025, 'Carlow'),
(6174, 2026, 'Kilkenny'),
(6175, 2027, 'Laois'),
(6176, 2028, 'Longford'),
(6177, 2029, 'Louth'),
(6178, 2030, 'Offaly'),
(6179, 2031, 'Westmeath'),
(6180, 2032, 'Wexford'),
(6181, 2033, 'Wicklow'),
(6182, 2034, 'Roscommon'),
(6183, 2035, 'Sligo'),
(6184, 2036, 'Clare'),
(6185, 2037, 'Cork'),
(6186, 2038, 'Kerry'),
(6187, 2039, 'Tipperary'),
(6188, 2040, 'Waterford'),
(6189, 2041, 'Cavan'),
(6190, 2042, 'Donegal'),
(6191, 2043, 'Monaghan'),
(6192, 2044, 'Karachaeva-Cherkesskaya Respublica'),
(6193, 2045, 'Raimirskii (Dolgano-Nenetskii) AO'),
(6194, 2046, 'Respublica Tiva'),
(6195, 2047, 'Newfoundland'),
(6196, 2048, 'Nova Scotia'),
(6197, 2049, 'Prince Edward Island'),
(6198, 2050, 'New Brunswick'),
(6199, 2051, 'Quebec'),
(6200, 2052, 'Ontario'),
(6201, 2053, 'Manitoba'),
(6202, 2054, 'Saskatchewan'),
(6203, 2055, 'Alberta'),
(6204, 2056, 'British Columbia'),
(6205, 2057, 'Nunavut'),
(6206, 2058, 'Northwest Territories'),
(6207, 2059, 'Yukon Territory'),
(6208, 2060, 'Drenthe'),
(6209, 2061, 'Friesland'),
(6210, 2062, 'Gelderland'),
(6211, 2063, 'Groningen'),
(6212, 2064, 'Limburg'),
(6213, 2065, 'Noord-Brabant'),
(6214, 2066, 'Noord-Holland'),
(6215, 2067, 'Utrecht'),
(6216, 2068, 'Zeeland'),
(6217, 2069, 'Zuid-Holland'),
(6218, 2071, 'Overijssel'),
(6219, 2072, 'Flevoland'),
(6220, 2073, 'Duarte'),
(6221, 2074, 'Puerto Plata'),
(6222, 2075, 'Valverde'),
(6223, 2076, 'María Trinidad Sánchez'),
(6224, 2077, 'Azua'),
(6225, 2078, 'Santiago'),
(6226, 2079, 'San Cristóbal'),
(6227, 2080, 'Peravia'),
(6228, 2081, 'Elías Piña'),
(6229, 2082, 'Barahona'),
(6230, 2083, 'Monte Plata'),
(6231, 2084, 'Salcedo'),
(6232, 2085, 'La Altagracia'),
(6233, 2086, 'San Juan'),
(6234, 2087, 'Monseñor Nouel'),
(6235, 2088, 'Monte Cristi'),
(6236, 2089, 'Espaillat'),
(6237, 2090, 'Sánchez Ramírez'),
(6238, 2091, 'La Vega'),
(6239, 2092, 'San Pedro de Macorís'),
(6240, 2093, 'Independencia'),
(6241, 2094, 'Dajabón'),
(6242, 2095, 'Baoruco'),
(6243, 2096, 'El Seibo'),
(6244, 2097, 'Hato Mayor'),
(6245, 2098, 'La Romana'),
(6246, 2099, 'Pedernales'),
(6247, 2100, 'Samaná'),
(6248, 2101, 'Santiago Rodríguez'),
(6249, 2102, 'San José de Ocoa'),
(6250, 2103, 'Chiba'),
(6251, 2104, 'Ehime'),
(6252, 2105, 'Oita'),
(6253, 2106, 'Skopje'),
(6254, 2108, 'Schanghai'),
(6255, 2109, 'Hongkong'),
(6256, 2110, 'Neimenggu'),
(6257, 2111, 'Aomen'),
(6258, 2112, 'Amnat Charoen'),
(6259, 2113, 'Ang Thong'),
(6260, 2114, 'Bangkok'),
(6261, 2115, 'Buri Ram'),
(6262, 2116, 'Chachoengsao'),
(6263, 2117, 'Chai Nat'),
(6264, 2118, 'Chaiyaphum'),
(6265, 2119, 'Chanthaburi'),
(6266, 2120, 'Chiang Mai'),
(6267, 2121, 'Chiang Rai'),
(6268, 2122, 'Chon Buri'),
(6269, 2124, 'Kalasin'),
(6270, 2126, 'Kanchanaburi'),
(6271, 2127, 'Khon Kaen'),
(6272, 2128, 'Krabi'),
(6273, 2129, 'Lampang'),
(6274, 2131, 'Loei'),
(6275, 2132, 'Lop Buri'),
(6276, 2133, 'Mae Hong Son'),
(6277, 2134, 'Maha Sarakham'),
(6278, 2137, 'Nakhon Pathom'),
(6279, 2139, 'Nakhon Ratchasima'),
(6280, 2140, 'Nakhon Sawan'),
(6281, 2141, 'Nakhon Si Thammarat'),
(6282, 2143, 'Narathiwat'),
(6283, 2144, 'Nong Bua Lam Phu'),
(6284, 2145, 'Nong Khai'),
(6285, 2146, 'Nonthaburi'),
(6286, 2147, 'Pathum Thani'),
(6287, 2148, 'Pattani'),
(6288, 2149, 'Phangnga'),
(6289, 2150, 'Phatthalung'),
(6290, 2154, 'Phichit'),
(6291, 2155, 'Phitsanulok'),
(6292, 2156, 'Phra Nakhon Si Ayutthaya'),
(6293, 2157, 'Phrae'),
(6294, 2158, 'Phuket'),
(6295, 2159, 'Prachin Buri'),
(6296, 2160, 'Prachuap Khiri Khan'),
(6297, 2162, 'Ratchaburi'),
(6298, 2163, 'Rayong'),
(6299, 2164, 'Roi Et'),
(6300, 2165, 'Sa Kaeo'),
(6301, 2166, 'Sakon Nakhon'),
(6302, 2167, 'Samut Prakan'),
(6303, 2168, 'Samut Sakhon'),
(6304, 2169, 'Samut Songkhran'),
(6305, 2170, 'Saraburi'),
(6306, 2172, 'Si Sa Ket'),
(6307, 2173, 'Sing Buri'),
(6308, 2174, 'Songkhla'),
(6309, 2175, 'Sukhothai'),
(6310, 2176, 'Suphan Buri'),
(6311, 2177, 'Surat Thani'),
(6312, 2178, 'Surin'),
(6313, 2180, 'Trang'),
(6314, 2182, 'Ubon Ratchathani'),
(6315, 2183, 'Udon Thani'),
(6316, 2184, 'Uthai Thani'),
(6317, 2185, 'Uttaradit'),
(6318, 2186, 'Yala'),
(6319, 2187, 'Yasothon'),
(6320, 2188, 'Busan'),
(6321, 2189, 'Daegu'),
(6322, 2191, 'Gangwon'),
(6323, 2192, 'Gwangju'),
(6324, 2193, 'Gyeonggi'),
(6325, 2194, 'Gyeongsangbuk'),
(6326, 2195, 'Gyeongsangnam'),
(6327, 2196, 'Jeju'),
(6328, 2201, 'Delhi');

-- --------------------------------------------------------

--
-- Estructura de tabla para la tabla `ocupadapor`
--

CREATE TABLE `ocupadapor` (
  `idPersona` int(11) NOT NULL,
  `idEstadia` int(11) NOT NULL,
  `esResponsable` tinyint(1) NOT NULL
) ENGINE=InnoDB DEFAULT CHARSET=latin1;

--
-- Volcado de datos para la tabla `ocupadapor`
--

INSERT INTO `ocupadapor` (`idPersona`, `idEstadia`, `esResponsable`) VALUES
(54, 28, 0),
(56, 1, 1),
(56, 8, 1),
(56, 11, 1),
(56, 12, 1),
(56, 15, 1),
(56, 16, 1),
(56, 17, 1),
(56, 20, 1),
(56, 21, 1),
(56, 23, 1),
(56, 28, 1),
(57, 23, 0),
(59, 18, 1),
(59, 23, 0),
(60, 23, 0),
(63, 27, 0),
(64, 2, 1),
(64, 4, 1),
(65, 9, 1),
(65, 10, 1),
(65, 13, 1),
(68, 3, 1),
(68, 27, 1),
(69, 14, 1),
(79, 25, 0),
(81, 19, 1),
(81, 26, 1),
(84, 22, 1),
(84, 24, 1),
(85, 25, 1);

-- --------------------------------------------------------

--
-- Estructura de tabla para la tabla `pais`
--

CREATE TABLE `pais` (
  `id` int(11) NOT NULL,
  `paisnombre` varchar(250) CHARACTER SET utf8 COLLATE utf8_unicode_ci NOT NULL,
  `nacionalidad` varchar(250) NOT NULL
) ENGINE=InnoDB DEFAULT CHARSET=latin1;

--
-- Volcado de datos para la tabla `pais`
--

INSERT INTO `pais` (`id`, `paisnombre`, `nacionalidad`) VALUES
(1, 'Australia', 'Australia'),
(2, 'Austria', 'Austria'),
(3, 'Azerbaiyán', 'Azerbaiyán'),
(4, 'Anguilla', 'Anguilla'),
(5, 'Argentina', 'Argentina'),
(6, 'Armenia', 'Armenia'),
(7, 'Bielorrusia', 'Bielorrusia'),
(8, 'Belice', 'Belice'),
(9, 'Bélgica', 'Bélgica'),
(10, 'Bermudas', 'Bermudas'),
(11, 'Bulgaria', 'Bulgaria'),
(12, 'Brasil', 'Brasil'),
(13, 'Reino Unido', 'Reino Unido'),
(14, 'Hungría', 'Hungría'),
(15, 'Vietnam', 'Vietnam'),
(16, 'Haiti', 'Haiti'),
(17, 'Guadalupe', 'Guadalupe'),
(18, 'Alemania', 'Alemania'),
(19, 'Países Bajos, Holanda', 'Países Bajos, Holanda'),
(20, 'Grecia', 'Grecia'),
(21, 'Georgia', 'Georgia'),
(22, 'Dinamarca', 'Dinamarca'),
(23, 'Egipto', 'Egipto'),
(24, 'Israel', 'Israel'),
(25, 'India', 'India'),
(26, 'Irán', 'Irán'),
(27, 'Irlanda', 'Irlanda'),
(28, 'España', 'España'),
(29, 'Italia', 'Italia'),
(30, 'Kazajstán', 'Kazajstán'),
(31, 'Camerún', 'Camerún'),
(32, 'Canadá', 'Canadá'),
(33, 'Chipre', 'Chipre'),
(34, 'Kirguistán', 'Kirguistán'),
(35, 'China', 'China'),
(36, 'Costa Rica', 'Costa Rica'),
(37, 'Kuwait', 'Kuwait'),
(38, 'Letonia', 'Letonia'),
(39, 'Libia', 'Libia'),
(40, 'Lituania', 'Lituania'),
(41, 'Luxemburgo', 'Luxemburgo'),
(42, 'México', 'México'),
(43, 'Moldavia', 'Moldavia'),
(44, 'Mónaco', 'Mónaco'),
(45, 'Nueva Zelanda', 'Nueva Zelanda'),
(46, 'Noruega', 'Noruega'),
(47, 'Polonia', 'Polonia'),
(48, 'Portugal', 'Portugal'),
(49, 'Reunión', 'Reunión'),
(50, 'Rusia', 'Rusia'),
(51, 'El Salvador', 'El Salvador'),
(52, 'Eslovaquia', 'Eslovaquia'),
(53, 'Eslovenia', 'Eslovenia'),
(54, 'Surinam', 'Surinam'),
(55, 'Estados Unidos', 'Estados Unidos'),
(56, 'Tadjikistan', 'Tadjikistan'),
(57, 'Turkmenistan', 'Turkmenistan'),
(58, 'Islas Turcas y Caicos', 'Islas Turcas y Caicos'),
(59, 'Turquía', 'Turquía'),
(60, 'Uganda', 'Uganda'),
(61, 'Uzbekistán', 'Uzbekistán'),
(62, 'Ucrania', 'Ucrania'),
(63, 'Finlandia', 'Finlandia'),
(64, 'Francia', 'Francia'),
(65, 'República Checa', 'República Checa'),
(66, 'Suiza', 'Suiza'),
(67, 'Suecia', 'Suecia'),
(68, 'Estonia', 'Estonia'),
(69, 'Corea del Sur', 'Corea del Sur'),
(70, 'Japón', 'Japón'),
(71, 'Croacia', 'Croacia'),
(72, 'Rumanía', 'Rumanía'),
(73, 'Hong Kong', 'Hong Kong'),
(74, 'Indonesia', 'Indonesia'),
(75, 'Jordania', 'Jordania'),
(76, 'Malasia', 'Malasia'),
(77, 'Singapur', 'Singapur'),
(78, 'Taiwan', 'Taiwan'),
(79, 'Bosnia y Herzegovina', 'Bosnia y Herzegovina'),
(80, 'Bahamas', 'Bahamas'),
(81, 'Chile', 'Chile'),
(82, 'Colombia', 'Colombia'),
(83, 'Islandia', 'Islandia'),
(84, 'Corea del Norte', 'Corea del Norte'),
(85, 'Macedonia', 'Macedonia'),
(86, 'Malta', 'Malta'),
(87, 'Pakistán', 'Pakistán'),
(88, 'Papúa-Nueva Guinea', 'Papúa-Nueva Guinea'),
(89, 'Perú', 'Perú'),
(90, 'Filipinas', 'Filipinas'),
(91, 'Arabia Saudita', 'Arabia Saudita'),
(92, 'Tailandia', 'Tailandia'),
(93, 'Emiratos árabes Unidos', 'Emiratos árabes Unidos'),
(94, 'Groenlandia', 'Groenlandia'),
(95, 'Venezuela', 'Venezuela'),
(96, 'Zimbabwe', 'Zimbabwe'),
(97, 'Kenia', 'Kenia'),
(98, 'Algeria', 'Algeria'),
(99, 'Líbano', 'Líbano'),
(100, 'Botsuana', 'Botsuana'),
(101, 'Tanzania', 'Tanzania'),
(102, 'Namibia', 'Namibia'),
(103, 'Ecuador', 'Ecuador'),
(104, 'Marruecos', 'Marruecos'),
(105, 'Ghana', 'Ghana'),
(106, 'Siria', 'Siria'),
(107, 'Nepal', 'Nepal'),
(108, 'Mauritania', 'Mauritania'),
(109, 'Seychelles', 'Seychelles'),
(110, 'Paraguay', 'Paraguay'),
(111, 'Uruguay', 'Uruguay'),
(112, 'Congo (Brazzaville)', 'Congo (Brazzaville)'),
(113, 'Cuba', 'Cuba'),
(114, 'Albania', 'Albania'),
(115, 'Nigeria', 'Nigeria'),
(116, 'Zambia', 'Zambia'),
(117, 'Mozambique', 'Mozambique'),
(119, 'Angola', 'Angola'),
(120, 'Sri Lanka', 'Sri Lanka'),
(121, 'Etiopía', 'Etiopía'),
(122, 'Túnez', 'Túnez'),
(123, 'Bolivia', 'Bolivia'),
(124, 'Panamá', 'Panamá'),
(125, 'Malawi', 'Malawi'),
(126, 'Liechtenstein', 'Liechtenstein'),
(127, 'Bahrein', 'Bahrein'),
(128, 'Barbados', 'Barbados'),
(130, 'Chad', 'Chad'),
(131, 'Man, Isla de', 'Man, Isla de'),
(132, 'Jamaica', 'Jamaica'),
(133, 'Malí', 'Malí'),
(134, 'Madagascar', 'Madagascar'),
(135, 'Senegal', 'Senegal'),
(136, 'Togo', 'Togo'),
(137, 'Honduras', 'Honduras'),
(138, 'República Dominicana', 'República Dominicana'),
(139, 'Mongolia', 'Mongolia'),
(140, 'Irak', 'Irak'),
(141, 'Sudáfrica', 'Sudáfrica'),
(142, 'Aruba', 'Aruba'),
(143, 'Gibraltar', 'Gibraltar'),
(144, 'Afganistán', 'Afganistán'),
(145, 'Andorra', 'Andorra'),
(147, 'Antigua y Barbuda', 'Antigua y Barbuda'),
(149, 'Bangladesh', 'Bangladesh'),
(151, 'Benín', 'Benín'),
(152, 'Bután', 'Bután'),
(154, 'Islas Virgenes Británicas', 'Islas Virgenes Británicas'),
(155, 'Brunéi', 'Brunéi'),
(156, 'Burkina Faso', 'Burkina Faso'),
(157, 'Burundi', 'Burundi'),
(158, 'Camboya', 'Camboya'),
(159, 'Cabo Verde', 'Cabo Verde'),
(164, 'Comores', 'Comores'),
(165, 'Congo (Kinshasa)', 'Congo (Kinshasa)'),
(166, 'Cook, Islas', 'Cook, Islas'),
(168, 'Costa de Marfil', 'Costa de Marfil'),
(169, 'Djibouti, Yibuti', 'Djibouti, Yibuti'),
(171, 'Timor Oriental', 'Timor Oriental'),
(172, 'Guinea Ecuatorial', 'Guinea Ecuatorial'),
(173, 'Eritrea', 'Eritrea'),
(175, 'Feroe, Islas', 'Feroe, Islas'),
(176, 'Fiyi', 'Fiyi'),
(178, 'Polinesia Francesa', 'Polinesia Francesa'),
(180, 'Gabón', 'Gabón'),
(181, 'Gambia', 'Gambia'),
(184, 'Granada', 'Granada'),
(185, 'Guatemala', 'Guatemala'),
(186, 'Guernsey', 'Guernsey'),
(187, 'Guinea', 'Guinea'),
(188, 'Guinea-Bissau', 'Guinea-Bissau'),
(189, 'Guyana', 'Guyana'),
(193, 'Jersey', 'Jersey'),
(195, 'Kiribati', 'Kiribati'),
(196, 'Laos', 'Laos'),
(197, 'Lesotho', 'Lesotho'),
(198, 'Liberia', 'Liberia'),
(200, 'Maldivas', 'Maldivas'),
(201, 'Martinica', 'Martinica'),
(202, 'Mauricio', 'Mauricio'),
(205, 'Myanmar', 'Myanmar'),
(206, 'Nauru', 'Nauru'),
(207, 'Antillas Holandesas', 'Antillas Holandesas'),
(208, 'Nueva Caledonia', 'Nueva Caledonia'),
(209, 'Nicaragua', 'Nicaragua'),
(210, 'Níger', 'Níger'),
(212, 'Norfolk Island', 'Norfolk Island'),
(213, 'Omán', 'Omán'),
(215, 'Isla Pitcairn', 'Isla Pitcairn'),
(216, 'Qatar', 'Qatar'),
(217, 'Ruanda', 'Ruanda'),
(218, 'Santa Elena', 'Santa Elena'),
(219, 'San Cristobal y Nevis', 'San Cristobal y Nevis'),
(220, 'Santa Lucía', 'Santa Lucía'),
(221, 'San Pedro y Miquelón', 'San Pedro y Miquelón'),
(222, 'San Vincente y Granadinas', 'San Vincente y Granadinas'),
(223, 'Samoa', 'Samoa'),
(224, 'San Marino', 'San Marino'),
(225, 'San Tomé y Príncipe', 'San Tomé y Príncipe'),
(226, 'Serbia y Montenegro', 'Serbia y Montenegro'),
(227, 'Sierra Leona', 'Sierra Leona'),
(228, 'Islas Salomón', 'Islas Salomón'),
(229, 'Somalia', 'Somalia'),
(232, 'Sudán', 'Sudán'),
(234, 'Swazilandia', 'Swazilandia'),
(235, 'Tokelau', 'Tokelau'),
(236, 'Tonga', 'Tonga'),
(237, 'Trinidad y Tobago', 'Trinidad y Tobago'),
(239, 'Tuvalu', 'Tuvalu'),
(240, 'Vanuatu', 'Vanuatu'),
(241, 'Wallis y Futuna', 'Wallis y Futuna'),
(242, 'Sáhara Occidental', 'Sáhara Occidental'),
(243, 'Yemen', 'Yemen'),
(246, 'Puerto Rico', 'Puerto Rico');

-- --------------------------------------------------------

--
-- Estructura de tabla para la tabla `pasajero`
--

CREATE TABLE `pasajero` (
  `idPersona` int(11) NOT NULL,
  `idPais` int(11) NOT NULL,
  `apellido` varchar(50) NOT NULL,
  `nombre` varchar(50) NOT NULL,
  `tipoDoc` varchar(20) NOT NULL,
  `numDoc` varchar(10) NOT NULL,
  `fechaNac` date NOT NULL,
  `email` varchar(70) NOT NULL,
  `ocupacion` varchar(50) NOT NULL
) ENGINE=InnoDB DEFAULT CHARSET=latin1;

--
-- Volcado de datos para la tabla `pasajero`
--

INSERT INTO `pasajero` (`idPersona`, `idPais`, `apellido`, `nombre`, `tipoDoc`, `numDoc`, `fechaNac`, `email`, `ocupacion`) VALUES
(53, 75, 'Sander', 'Agustina', 'DNI', '42331387', '2021-10-01', '', 'Estudiante '),
(54, 141, 'Sarina', 'Araceli Julia', 'PASAPORTE', '42345678', '2020-12-17', '', 'Analista en Sistemas'),
(55, 79, 'Vergara', 'Agustina Elizabeth', 'DNI', '41345678', '2021-10-04', 'agusv69@hotmail.com', 'Estudiante'),
(56, 35, 'Roa', 'Maria Soledad', 'DNI', '41287315', '1998-07-10', '', 'Ingeniera'),
(57, 83, 'Perez', 'Juan', 'PASAPORTE', '42331387', '2021-10-05', 'asd@hotmail.com', 'Estudiante'),
(59, 18, 'Belgrano', 'Manuel Sarmiento', 'DNI', '42331387', '1950-08-10', '', 'Procer'),
(60, 207, 'Gomez', 'Maria', 'DNI', '47567890', '2021-11-01', '', 'Cocinera'),
(61, 149, 'Ramirez', 'Raul', 'PASAPORTE', 'GB234F', '2019-11-05', '', 'Colectivero'),
(62, 22, 'Suarez', 'Camila', 'DNI', '23456789', '2017-11-02', '', 'Musico'),
(63, 81, 'Suarez', 'Ana', 'DNI', '34567890', '2019-11-06', '', 'Estudiante'),
(64, 51, 'Gonzalez', 'Ramon', 'DNI', '17414432', '2021-11-02', 'ramonGonzalez@gmail.com', 'Musico'),
(65, 145, 'Lucca', 'Agostina', 'DNI', '42331389', '2000-11-01', '', 'Medica'),
(66, 53, 'Nunez', 'Esmeralda', 'DNI', '2345432', '2021-11-01', '', 'Pediatra'),
(67, 103, 'Ramones', 'Ramiro', 'DNI', '34567654', '2021-11-01', '', 'Vendedor'),
(68, 173, 'Mitre', 'Santiago', 'DNI', '6789876', '1950-11-09', '', 'Periodista'),
(69, 36, 'Rojas', 'Ramiro Martinez', 'LC', '42331387', '2003-11-03', 'ramiro@hotmail.com', 'Estudiante'),
(77, 98, 'Gimenez', 'Susana', 'DNI', '43678901', '2021-11-17', '', 'Famosa'),
(78, 4, 'Fort', 'Ricardo', 'DNI', '42331387', '1999-11-18', '', 'Famoso'),
(79, 22, 'Mernes', 'Raul', 'DNI', '42331387', '1980-11-07', '', 'Vendedor'),
(80, 63, 'Puccio', 'Julia', 'DNI', '42331387', '1970-11-05', 'julia@hotmail.com', 'Repartidora'),
(81, 37, 'Cruz', 'Vera', 'DNI', '42331387', '1985-11-07', '', 'Policia'),
(82, 102, 'Gomez', 'Fiama', 'DNI', '42331387', '1960-11-04', '', 'Medica'),
(83, 145, 'Courtalon', 'Sabrina', 'DNI', '17414432', '1993-11-11', '', 'Electricista'),
(84, 154, 'Artale', 'Osvaldo', 'DNI', '18765345', '1960-11-09', 'osvaldo@gmail.com', 'Cantante'),
(85, 41, 'Siciliani', 'Griselda', 'DNI', '23456789', '1950-02-10', '', 'Actriz'),
(86, 18, 'Tomatis', 'Tomas', 'OTRO', '45621579', '2001-12-21', '', 'Periodista'),
(87, 166, 'Sarina', 'Araceli', 'DNI', '42271660', '1996-12-12', '', 'Ingeniera en Sistemas'),
(88, 98, 'Lopez', 'Juan', 'DNI', '42331387', '1997-12-20', 'juanlopez@hotmail.com', 'Estudiante'),
(89, 114, 'asdf', 'asddsa', 'DNI', '423313876', '1870-01-01', '', 'qwer');

-- --------------------------------------------------------

--
-- Estructura de tabla para la tabla `persona`
--

CREATE TABLE `persona` (
  `idPersona` int(11) NOT NULL,
  `CUIT` varchar(15) NOT NULL,
  `posIVA` varchar(50) NOT NULL,
  `telefono` varchar(15) NOT NULL,
  `idDireccion` int(11) NOT NULL
) ENGINE=InnoDB DEFAULT CHARSET=latin1;

--
-- Volcado de datos para la tabla `persona`
--

INSERT INTO `persona` (`idPersona`, `CUIT`, `posIVA`, `telefono`, `idDireccion`) VALUES
(53, '', 'CONSUMIDOR_FINAL', '+5493424227082', 52),
(54, '', 'IVA_SUJETO_EXENTO', '+5493426934231', 53),
(55, '', 'CONSUMIDOR_FINAL', '+5493415654321', 54),
(56, '', 'MONOTRIBUTISTA_SOCIAL', '+5493425765432', 55),
(57, '', 'IVA_NO_RESPONSABLE', '+5493424227082', 56),
(59, '', 'CONSUMIDOR_FINAL', '+5493424227082', 58),
(60, '', 'CONSUMIDOR_FINAL', '+5493421224356', 59),
(61, '', 'RESPONSABLE_MONOTRIBUTO', '+5493413445566', 60),
(62, '', 'CONSUMIDOR_FINAL', '+5493422113344', 61),
(63, '', 'CONSUMIDOR_FINAL', '+5493424567654', 62),
(64, '', 'IVA_SUJETO_EXENTO', '+5493422222222', 63),
(65, '', 'CONSUMIDOR_FINAL', '+5493425667788', 64),
(66, '', 'CONSUMIDOR_FINAL', '+5493425434534', 65),
(67, '', 'CONSUMIDOR_FINAL', '+5493424323455', 66),
(68, '', 'CONSUMIDOR_FINAL', '+5493424227082', 67),
(69, '', 'SUJETO_NO_CATEGORIZADO', '+549342556677', 68),
(70, '27423313876', 'IVA_RESPONSABLE_INSCRIPTO', '+5493424227082', 69),
(71, '20111011770', 'IVA_RESPONSABLE_INSCRIPTO', '+5493435711869', 71),
(72, '20460277354', 'IVA_RESPONSABLE_INSCRIPTO', '+5493434987123', 70),
(73, '23246219389', 'IVA_RESPONSABLE_INSCRIPTO', '+5493435369852', 72),
(74, '27278047895', 'IVA_RESPONSABLE_INSCRIPTO', '+549343527564', 73),
(75, '2705599658', 'IVA_RESPONSABLE_INSCRIPTO', '+549343741369', 74),
(76, '27116751009', 'IVA_RESPONSABLE_INSCRIPTO', '+549343752804', 75),
(77, '', 'CONSUMIDOR_FINAL', '+5493424227082', 76),
(78, '', 'CONSUMIDOR_FINAL', '+5493421112233', 77),
(79, '', 'CONSUMIDOR_FINAL', '+5493416778453', 78),
(80, '', 'CONSUMIDOR_FINAL', '+5496578907766', 79),
(81, '', 'CONSUMIDOR_FINAL', '+5493427665544', 80),
(82, '', 'CONSUMIDOR_FINAL', '+5493425767845', 81),
(83, '', 'IVA_RESPONSABLE_NO_INSCRIPTO', '+5493425443322', 82),
(84, '', 'PROVEEDOR_DEL_EXTERIOR', '+5493424227082', 86),
(85, '', 'RESPONSABLE_MONOTRIBUTO', '+5493424221133', 87),
(86, '', 'IVA_SUJETO_EXENTO', '+5493424227082', 88),
(87, '', 'CONSUMIDOR_FINAL', '+5493424227082', 89),
(88, '', 'CONSUMIDOR_FINAL', '+5493424227082', 90),
(89, '', 'CONSUMIDOR_FINAL', '+5493424227082', 91);

-- --------------------------------------------------------

--
-- Estructura de tabla para la tabla `reserva`
--

CREATE TABLE `reserva` (
  `id` int(11) NOT NULL,
  `nombre` varchar(50) NOT NULL,
  `apellido` varchar(50) NOT NULL,
  `telefono` varchar(15) NOT NULL
) ENGINE=InnoDB DEFAULT CHARSET=latin1;

--
-- Volcado de datos para la tabla `reserva`
--

INSERT INTO `reserva` (`id`, `nombre`, `apellido`, `telefono`) VALUES
(1, 'Agustina', 'Sander', '+5493424227082'),
(2, 'Juan Pablo', 'Gonzalez', '+5493415678902'),
(3, 'Gaston', 'Gomez', '+5493426789876'),
(4, 'Mariano', 'Morales', '+549341576543'),
(5, 'Marisa', 'Artale', '154227082'),
(6, 'Juan', 'Cardozo', '341543211'),
(7, 'Araceli', 'Sarina', '+5493426980424'),
(8, 'Juan', 'Rios', '+5493435896321'),
(9, 'Maria', 'Perez', '+5493434741258'),
(10, 'Julian', 'Velazquez', '+5493434369951'),
(11, 'Camila', 'Caceres', '+5493435789654'),
(12, 'Diego', 'Rodriguez', '+5493434789369'),
(13, 'Romina', 'Gimenez', '+5493435874121'),
(14, 'Lucia', 'Lopez', '+5493434587469'),
(15, 'Joaquin', 'Gregorutti', '+5493434587693'),
(16, 'Ivan', 'Fontana', '-5493434159753'),
(17, 'Sebastian', 'Hernandez', '+5493434789321'),
(18, 'Sofia', 'Alarcon', '+5493434456987'),
(19, 'Sol', 'Gervasoni', '+5493425896425'),
(20, 'Isabella', 'Pigliacampo', '+5493425785485'),
(21, 'Laura', 'Roa', '+5493424763942'),
(22, 'Mirta', 'Peresson', '+5493424758200'),
(23, 'Juan', 'Rios', '+5493435896321'),
(24, 'Pablo', 'Pigliacampo', '+5493435896321'),
(25, 'Alejandro', 'Adamik', '+5493424741596'),
(26, 'Jorge', 'Roa', '+5493425458320'),
(27, 'Veronica', 'Castañeda', '+5493425123697'),
(28, 'Liliana', 'Porello', '+5493425419637'),
(29, 'Benito', 'Castañeda', '+5493425127558'),
(30, 'Sabrina', 'Adamik', '+5493424796308'),
(31, 'German', 'Martitegui', '+543425394221'),
(32, 'Julian', 'Alvarez', '+543425339214'),
(33, 'Nestor', 'Sarina', '+543424369669'),
(34, 'Milena', 'Barrera', '+543424227595'),
(35, 'Harry', 'Styles', '+543415236485'),
(36, 'Fernando', 'Sucre', '+543434716596'),
(37, 'Belen', 'Peressutti', '+543426148572'),
(38, 'Tomas', 'Vico', '+540117123589'),
(39, 'Rocio', 'Goddio', '+543424125396'),
(40, 'Gonzalo', 'Leiva', '+543425488210'),
(41, 'Maria Sol', 'Rodriguez', '+543425182800'),
(42, 'Paula', 'Fabracci', '+543414711122'),
(43, 'Paula', 'Vetcher', '+543426747563'),
(44, 'Laureano', 'Gandini', '+543436121355'),
(45, 'Juan Cruz', 'Rizzo', '+543424585856'),
(46, 'Celeste', 'Toledo', '+543434878332'),
(47, 'Sol', 'Gaitan', '+543424156000'),
(48, 'Lorenzo', 'Garcia', '+543415223971'),
(49, 'Lara', 'Villalon', '+543424736201'),
(50, 'Valentina', 'Lorefice', '+54343419267'),
(51, 'Julieta', 'Valdez', '+5493434258741'),
(52, 'Lucas', 'Riffel', '+5493434167943'),
(53, 'Clara', 'Mout', '+5493434739951'),
(54, 'Candelaria', 'Gieco', '+5493434147963'),
(55, 'Ariana', 'Ruch', '+549343691278'),
(56, 'Francisco', 'Baez', '+5493435987456'),
(57, 'Giuliano', 'Alu', '+5493435961478'),
(58, 'Aaron', 'Alzugaray', '+5493435269415'),
(59, 'Alejandro', 'Vergara', '+5493435258169'),
(60, 'Ivan', 'Fischer', '+5493434582694');

-- --------------------------------------------------------

--
-- Estructura de tabla para la tabla `responsabledepago`
--

CREATE TABLE `responsabledepago` (
  `idPersona` int(11) NOT NULL,
  `razonSocial` varchar(150) NOT NULL
) ENGINE=InnoDB DEFAULT CHARSET=latin1;

--
-- Volcado de datos para la tabla `responsabledepago`
--

INSERT INTO `responsabledepago` (`idPersona`, `razonSocial`) VALUES
(70, 'Telecom ARG'),
(71, 'Arcos Dorados, C.A'),
(72, 'PepsiCo, INC'),
(73, 'Punto FA, S.L'),
(74, 'Chascomús,S.A'),
(75, 'BMW Iberica S.A'),
(76, 'Banco Bilbao Vizcaya Argentaria S.A');

-- --------------------------------------------------------

--
-- Estructura de tabla para la tabla `sauna`
--

CREATE TABLE `sauna` (
  `idServicio` int(11) NOT NULL,
  `precioUnitario` float NOT NULL
) ENGINE=InnoDB DEFAULT CHARSET=latin1;

--
-- Volcado de datos para la tabla `sauna`
--

INSERT INTO `sauna` (`idServicio`, `precioUnitario`) VALUES
(10, 100),
(11, 100),
(12, 100),
(16, 150),
(31, 200),
(32, 200),
(33, 200),
(34, 200),
(35, 200),
(36, 200),
(37, 150),
(38, 150),
(39, 150),
(40, 150),
(41, 150);

-- --------------------------------------------------------

--
-- Estructura de tabla para la tabla `servicio`
--

CREATE TABLE `servicio` (
  `idServicio` int(11) NOT NULL,
  `idEstadia` int(11) NOT NULL,
  `precioTotal` float NOT NULL,
  `fecha` date NOT NULL,
  `descripcion` varchar(250) NOT NULL,
  `cantidad` int(11) NOT NULL
) ENGINE=InnoDB DEFAULT CHARSET=latin1;

--
-- Volcado de datos para la tabla `servicio`
--

INSERT INTO `servicio` (`idServicio`, `idEstadia`, `precioTotal`, `fecha`, `descripcion`, `cantidad`) VALUES
(1, 1, 150, '2021-11-04', 'Lavado y Planchado', 1),
(2, 3, 600, '2021-11-06', 'Lavado y Planchado', 3),
(3, 3, 2000, '2021-11-07', 'Lavado y Planchado', 2),
(4, 3, 1600, '2021-11-10', 'Lavado y Planchado', 2),
(5, 9, 300, '2021-11-14', 'Lavado y Planchado', 3),
(6, 4, 300, '2021-11-01', 'Lavado y Planchado', 2),
(7, 4, 300, '2021-11-03', 'Lavado y Planchado', 1),
(8, 10, 1000, '2021-11-07', 'Lavado y Planchado', 1),
(9, 11, 4000, '2021-11-10', 'Lavado y Planchado', 5),
(10, 1, 500, '2021-11-03', 'Sauna', 5),
(11, 1, 300, '2021-11-04', 'Sauna', 3),
(12, 1, 200, '2021-11-05', 'Sauna', 2),
(13, 2, 200, '2021-11-04', 'Bar', 2),
(14, 2, 1000, '2021-11-04', 'Bar', 1),
(15, 2, 1000, '2021-11-04', 'Bar', 1),
(16, 3, 300, '2021-11-10', 'Sauna', 2),
(17, 3, 1200, '2021-11-11', 'Bar', 2),
(18, 3, 4000, '2021-11-07', 'Bar', 1),
(19, 1, 300, '2021-11-04', 'Bar', 3),
(20, 2, 850, '2021-11-05', 'Bar', 1),
(21, 21, 3120, '2021-12-12', 'Bar', 4),
(22, 23, 200, '2021-12-06', 'Bar', 1),
(23, 23, 1200, '2021-12-07', 'Bar', 1),
(24, 18, 1500, '2021-11-16', 'Bar', 2),
(25, 22, 700, '2021-12-06', 'Bar', 1),
(26, 21, 250, '2021-12-13', 'Bar', 2),
(27, 21, 130, '2021-12-13', 'Bar', 1),
(28, 25, 540, '2021-12-15', 'Bar', 1),
(29, 25, 400, '2021-12-16', 'Bar', 1),
(30, 25, 750, '2021-12-17', 'Bar', 1),
(31, 21, 600, '2021-12-12', 'Sauna', 3),
(32, 22, 200, '2021-12-06', 'Sauna', 1),
(33, 23, 400, '2021-12-06', 'Sauna', 2),
(34, 23, 200, '2021-12-07', 'Sauna', 1),
(35, 25, 400, '2021-12-16', 'Sauna', 2),
(36, 25, 400, '2021-12-17', 'Sauna', 2),
(37, 15, 150, '2021-11-17', 'Sauna', 1),
(38, 13, 300, '2021-11-13', 'Sauna', 2),
(39, 11, 450, '2021-11-10', 'Sauna', 3),
(40, 18, 300, '2021-11-15', 'Sauna', 2),
(41, 18, 300, '2021-11-16', 'Sauna', 2),
(42, 14, 300, '2021-11-10', 'lavado y planchado', 1),
(43, 10, 600, '2021-11-07', 'lavado y planchado', 2),
(44, 4, 800, '2021-10-30', 'lavado y planchado', 1),
(45, 4, 800, '2021-10-30', 'lavado y planchado', 1),
(46, 17, 175, '2021-11-10', 'lavado y planchado', 1),
(47, 18, 300, '2021-11-10', 'lavado y planchado', 1),
(48, 17, 800, '2021-11-10', 'lavado y planchado', 1),
(49, 3, 600, '2021-11-10', 'lavado y planchado', 2),
(50, 1, 300, '2021-11-04', 'lavado y planchado', 1),
(51, 16, 400, '2021-11-09', 'lavado y planchado', 2),
(52, 15, 350, '2021-11-17', 'lavado y planchado', 2);

-- --------------------------------------------------------

--
-- Estructura de tabla para la tabla `tipodehabitacion`
--

CREATE TABLE `tipodehabitacion` (
  `id` int(11) NOT NULL,
  `nombre` varchar(250) NOT NULL,
  `precio` decimal(10,0) NOT NULL,
  `capacidad` int(11) NOT NULL
) ENGINE=InnoDB DEFAULT CHARSET=latin1;

--
-- Volcado de datos para la tabla `tipodehabitacion`
--

INSERT INTO `tipodehabitacion` (`id`, `nombre`, `precio`, `capacidad`) VALUES
(1, 'Individual Estandar', '4200', 1),
(2, 'Doble Estandar', '6240', 2),
(3, 'Doble Superior', '7308', 2),
(4, 'Superior Family Plan', '10500', 5),
(5, 'Suite Doble', '12600', 2);

-- --------------------------------------------------------

--
-- Estructura de tabla para la tabla `tipomoneda`
--

CREATE TABLE `tipomoneda` (
  `idTipoMoneda` int(11) NOT NULL,
  `nombreMoneda` varchar(30) NOT NULL,
  `simbolo` varchar(5) NOT NULL,
  `cotizacion` varchar(15) NOT NULL
) ENGINE=InnoDB DEFAULT CHARSET=latin1;

-- --------------------------------------------------------

--
-- Estructura de tabla para la tabla `tipoprenda`
--

CREATE TABLE `tipoprenda` (
  `idTipoPrenda` int(11) NOT NULL,
  `descripcionPrenda` varchar(250) NOT NULL,
  `precioUnitario` float NOT NULL
) ENGINE=InnoDB DEFAULT CHARSET=latin1;

--
-- Volcado de datos para la tabla `tipoprenda`
--

INSERT INTO `tipoprenda` (`idTipoPrenda`, `descripcionPrenda`, `precioUnitario`) VALUES
(1, 'pantalon', 150),
(2, 'remera mangas cortas', 100),
(3, 'remera mangas largas', 200),
(4, 'short', 175),
(5, 'campera', 300),
(6, 'sabanas', 400),
(7, 'vestido corto', 250),
(8, 'vestido largo', 450),
(9, 'ropa interior', 300),
(10, 'saco', 1000),
(11, 'pantalon vestir', 1000),
(12, 'abrigo grande', 700),
(13, 'camisa', 800);

--
-- Índices para tablas volcadas
--

--
-- Indices de la tabla `bar`
--
ALTER TABLE `bar`
  ADD PRIMARY KEY (`idServicio`),
  ADD KEY `fk_bar_itembar` (`idItemBar`);

--
-- Indices de la tabla `direccion`
--
ALTER TABLE `direccion`
  ADD PRIMARY KEY (`idDireccion`),
  ADD KEY `fk_direccion_localidad` (`idLocalidad`);

--
-- Indices de la tabla `estadia`
--
ALTER TABLE `estadia`
  ADD PRIMARY KEY (`id`),
  ADD KEY `fk_estadia_habitacion` (`idHabitacion`);

--
-- Indices de la tabla `estado`
--
ALTER TABLE `estado`
  ADD PRIMARY KEY (`id`),
  ADD KEY `IDX_4786469191104EC2` (`ubicacionpaisid`);

--
-- Indices de la tabla `factura`
--
ALTER TABLE `factura`
  ADD PRIMARY KEY (`idFactura`),
  ADD KEY `fk_factura_estadia` (`idEstadia`),
  ADD KEY `fk_factura_persona` (`idPersona`);

--
-- Indices de la tabla `fechareserva`
--
ALTER TABLE `fechareserva`
  ADD PRIMARY KEY (`idReserva`,`idHabitacion`),
  ADD KEY `fk_fechareserva_habitacion` (`idHabitacion`);

--
-- Indices de la tabla `habitacion`
--
ALTER TABLE `habitacion`
  ADD PRIMARY KEY (`id`),
  ADD UNIQUE KEY `nro` (`nro`),
  ADD KEY `fk_habitacion_tipohabitacion` (`idTipoHabitacion`);

--
-- Indices de la tabla `inhabilitado`
--
ALTER TABLE `inhabilitado`
  ADD PRIMARY KEY (`id`),
  ADD KEY `fk_inhabilitado_habitacion` (`idHabitacion`);

--
-- Indices de la tabla `itembar`
--
ALTER TABLE `itembar`
  ADD PRIMARY KEY (`idItemBar`);

--
-- Indices de la tabla `itemestadia`
--
ALTER TABLE `itemestadia`
  ADD PRIMARY KEY (`idItemFactura`);

--
-- Indices de la tabla `itemfactura`
--
ALTER TABLE `itemfactura`
  ADD PRIMARY KEY (`idItemFactura`),
  ADD KEY `fk_itemfactura_factura` (`idFactura`);

--
-- Indices de la tabla `itemservicio`
--
ALTER TABLE `itemservicio`
  ADD PRIMARY KEY (`idItemFactura`);

--
-- Indices de la tabla `lavadoyplanchado`
--
ALTER TABLE `lavadoyplanchado`
  ADD PRIMARY KEY (`idServicio`),
  ADD KEY `fk_lavado_tipoPrenda` (`idTipoPrenda`);

--
-- Indices de la tabla `localidad`
--
ALTER TABLE `localidad`
  ADD PRIMARY KEY (`id`),
  ADD KEY `fk_localidad_provincia` (`id_provincia`);

--
-- Indices de la tabla `ocupadapor`
--
ALTER TABLE `ocupadapor`
  ADD PRIMARY KEY (`idPersona`,`idEstadia`),
  ADD KEY `fk_ocupadapor_estadia` (`idEstadia`);

--
-- Indices de la tabla `pais`
--
ALTER TABLE `pais`
  ADD PRIMARY KEY (`id`);

--
-- Indices de la tabla `pasajero`
--
ALTER TABLE `pasajero`
  ADD PRIMARY KEY (`idPersona`),
  ADD KEY `fk_pasajero_pais` (`idPais`);

--
-- Indices de la tabla `persona`
--
ALTER TABLE `persona`
  ADD PRIMARY KEY (`idPersona`),
  ADD KEY `fk_persona_direccion` (`idDireccion`);

--
-- Indices de la tabla `reserva`
--
ALTER TABLE `reserva`
  ADD PRIMARY KEY (`id`);

--
-- Indices de la tabla `responsabledepago`
--
ALTER TABLE `responsabledepago`
  ADD PRIMARY KEY (`idPersona`);

--
-- Indices de la tabla `sauna`
--
ALTER TABLE `sauna`
  ADD PRIMARY KEY (`idServicio`);

--
-- Indices de la tabla `servicio`
--
ALTER TABLE `servicio`
  ADD PRIMARY KEY (`idServicio`),
  ADD KEY `fk_servicio_estadia` (`idEstadia`);

--
-- Indices de la tabla `tipodehabitacion`
--
ALTER TABLE `tipodehabitacion`
  ADD PRIMARY KEY (`id`);

--
-- Indices de la tabla `tipomoneda`
--
ALTER TABLE `tipomoneda`
  ADD PRIMARY KEY (`idTipoMoneda`);

--
-- Indices de la tabla `tipoprenda`
--
ALTER TABLE `tipoprenda`
  ADD PRIMARY KEY (`idTipoPrenda`);

--
-- AUTO_INCREMENT de las tablas volcadas
--

--
-- AUTO_INCREMENT de la tabla `bar`
--
ALTER TABLE `bar`
  MODIFY `idServicio` int(11) NOT NULL AUTO_INCREMENT, AUTO_INCREMENT=31;

--
-- AUTO_INCREMENT de la tabla `direccion`
--
ALTER TABLE `direccion`
  MODIFY `idDireccion` int(11) NOT NULL AUTO_INCREMENT, AUTO_INCREMENT=92;

--
-- AUTO_INCREMENT de la tabla `estadia`
--
ALTER TABLE `estadia`
  MODIFY `id` int(11) NOT NULL AUTO_INCREMENT, AUTO_INCREMENT=29;

--
-- AUTO_INCREMENT de la tabla `estado`
--
ALTER TABLE `estado`
  MODIFY `id` int(11) NOT NULL AUTO_INCREMENT, AUTO_INCREMENT=2227;

--
-- AUTO_INCREMENT de la tabla `factura`
--
ALTER TABLE `factura`
  MODIFY `idFactura` int(11) NOT NULL AUTO_INCREMENT, AUTO_INCREMENT=35;

--
-- AUTO_INCREMENT de la tabla `habitacion`
--
ALTER TABLE `habitacion`
  MODIFY `id` int(11) NOT NULL AUTO_INCREMENT, AUTO_INCREMENT=49;

--
-- AUTO_INCREMENT de la tabla `inhabilitado`
--
ALTER TABLE `inhabilitado`
  MODIFY `id` int(11) NOT NULL AUTO_INCREMENT, AUTO_INCREMENT=39;

--
-- AUTO_INCREMENT de la tabla `itembar`
--
ALTER TABLE `itembar`
  MODIFY `idItemBar` int(11) NOT NULL AUTO_INCREMENT, AUTO_INCREMENT=18;

--
-- AUTO_INCREMENT de la tabla `itemestadia`
--
ALTER TABLE `itemestadia`
  MODIFY `idItemFactura` int(11) NOT NULL AUTO_INCREMENT, AUTO_INCREMENT=57;

--
-- AUTO_INCREMENT de la tabla `itemfactura`
--
ALTER TABLE `itemfactura`
  MODIFY `idItemFactura` int(11) NOT NULL AUTO_INCREMENT, AUTO_INCREMENT=60;

--
-- AUTO_INCREMENT de la tabla `itemservicio`
--
ALTER TABLE `itemservicio`
  MODIFY `idItemFactura` int(11) NOT NULL AUTO_INCREMENT, AUTO_INCREMENT=60;

--
-- AUTO_INCREMENT de la tabla `lavadoyplanchado`
--
ALTER TABLE `lavadoyplanchado`
  MODIFY `idServicio` int(11) NOT NULL AUTO_INCREMENT, AUTO_INCREMENT=53;

--
-- AUTO_INCREMENT de la tabla `localidad`
--
ALTER TABLE `localidad`
  MODIFY `id` int(11) NOT NULL AUTO_INCREMENT, AUTO_INCREMENT=6329;

--
-- AUTO_INCREMENT de la tabla `pais`
--
ALTER TABLE `pais`
  MODIFY `id` int(11) NOT NULL AUTO_INCREMENT, AUTO_INCREMENT=247;

--
-- AUTO_INCREMENT de la tabla `persona`
--
ALTER TABLE `persona`
  MODIFY `idPersona` int(11) NOT NULL AUTO_INCREMENT, AUTO_INCREMENT=90;

--
-- AUTO_INCREMENT de la tabla `reserva`
--
ALTER TABLE `reserva`
  MODIFY `id` int(11) NOT NULL AUTO_INCREMENT, AUTO_INCREMENT=61;

--
-- AUTO_INCREMENT de la tabla `sauna`
--
ALTER TABLE `sauna`
  MODIFY `idServicio` int(11) NOT NULL AUTO_INCREMENT, AUTO_INCREMENT=42;

--
-- AUTO_INCREMENT de la tabla `servicio`
--
ALTER TABLE `servicio`
  MODIFY `idServicio` int(11) NOT NULL AUTO_INCREMENT, AUTO_INCREMENT=53;

--
-- AUTO_INCREMENT de la tabla `tipodehabitacion`
--
ALTER TABLE `tipodehabitacion`
  MODIFY `id` int(11) NOT NULL AUTO_INCREMENT, AUTO_INCREMENT=6;

--
-- AUTO_INCREMENT de la tabla `tipomoneda`
--
ALTER TABLE `tipomoneda`
  MODIFY `idTipoMoneda` int(11) NOT NULL AUTO_INCREMENT;

--
-- AUTO_INCREMENT de la tabla `tipoprenda`
--
ALTER TABLE `tipoprenda`
  MODIFY `idTipoPrenda` int(11) NOT NULL AUTO_INCREMENT, AUTO_INCREMENT=14;

--
-- Restricciones para tablas volcadas
--

--
-- Filtros para la tabla `bar`
--
ALTER TABLE `bar`
  ADD CONSTRAINT `fk_bar_itembar` FOREIGN KEY (`idItemBar`) REFERENCES `itembar` (`idItemBar`),
  ADD CONSTRAINT `fk_bar_servicio` FOREIGN KEY (`idServicio`) REFERENCES `servicio` (`idServicio`);

--
-- Filtros para la tabla `direccion`
--
ALTER TABLE `direccion`
  ADD CONSTRAINT `fk_direccion_localidad` FOREIGN KEY (`idLocalidad`) REFERENCES `localidad` (`id`);

--
-- Filtros para la tabla `estadia`
--
ALTER TABLE `estadia`
  ADD CONSTRAINT `fk_estadia_habitacion` FOREIGN KEY (`idHabitacion`) REFERENCES `habitacion` (`id`);

--
-- Filtros para la tabla `estado`
--
ALTER TABLE `estado`
  ADD CONSTRAINT `fk_estado_pais` FOREIGN KEY (`ubicacionpaisid`) REFERENCES `pais` (`id`);

--
-- Filtros para la tabla `factura`
--
ALTER TABLE `factura`
  ADD CONSTRAINT `fk_factura_estadia` FOREIGN KEY (`idEstadia`) REFERENCES `estadia` (`id`) ON DELETE CASCADE ON UPDATE CASCADE,
  ADD CONSTRAINT `fk_factura_persona` FOREIGN KEY (`idPersona`) REFERENCES `persona` (`idPersona`) ON DELETE CASCADE ON UPDATE CASCADE;

--
-- Filtros para la tabla `fechareserva`
--
ALTER TABLE `fechareserva`
  ADD CONSTRAINT `fk_fechareserva_habitacion` FOREIGN KEY (`idHabitacion`) REFERENCES `habitacion` (`id`),
  ADD CONSTRAINT `fk_fechareserva_reserva` FOREIGN KEY (`idReserva`) REFERENCES `reserva` (`id`);

--
-- Filtros para la tabla `habitacion`
--
ALTER TABLE `habitacion`
  ADD CONSTRAINT `fk_habitacion_tipohabitacion` FOREIGN KEY (`idTipoHabitacion`) REFERENCES `tipodehabitacion` (`id`);

--
-- Filtros para la tabla `inhabilitado`
--
ALTER TABLE `inhabilitado`
  ADD CONSTRAINT `fk_inhabilitado_habitacion` FOREIGN KEY (`idHabitacion`) REFERENCES `habitacion` (`id`);

--
-- Filtros para la tabla `itemestadia`
--
ALTER TABLE `itemestadia`
  ADD CONSTRAINT `fk_itemestadia_itemfactura` FOREIGN KEY (`idItemFactura`) REFERENCES `itemfactura` (`idItemFactura`);

--
-- Filtros para la tabla `itemfactura`
--
ALTER TABLE `itemfactura`
  ADD CONSTRAINT `fk_itemfactura_factura` FOREIGN KEY (`idFactura`) REFERENCES `factura` (`idFactura`);

--
-- Filtros para la tabla `itemservicio`
--
ALTER TABLE `itemservicio`
  ADD CONSTRAINT `fk_itemservicio_itemfactura` FOREIGN KEY (`idItemFactura`) REFERENCES `itemfactura` (`idItemFactura`);

--
-- Filtros para la tabla `lavadoyplanchado`
--
ALTER TABLE `lavadoyplanchado`
  ADD CONSTRAINT `fk_lavado_servicio` FOREIGN KEY (`idServicio`) REFERENCES `servicio` (`idServicio`),
  ADD CONSTRAINT `fk_lavado_tipoPrenda` FOREIGN KEY (`idTipoPrenda`) REFERENCES `tipoprenda` (`idTipoPrenda`);

--
-- Filtros para la tabla `localidad`
--
ALTER TABLE `localidad`
  ADD CONSTRAINT `fk_localidad_provincia` FOREIGN KEY (`id_provincia`) REFERENCES `estado` (`id`);

--
-- Filtros para la tabla `ocupadapor`
--
ALTER TABLE `ocupadapor`
  ADD CONSTRAINT `fk_ocupadapor_estadia` FOREIGN KEY (`idEstadia`) REFERENCES `estadia` (`id`),
  ADD CONSTRAINT `fk_ocupadapor_persona` FOREIGN KEY (`idPersona`) REFERENCES `pasajero` (`idPersona`);

--
-- Filtros para la tabla `pasajero`
--
ALTER TABLE `pasajero`
  ADD CONSTRAINT `fk_pasajero_pais` FOREIGN KEY (`idPais`) REFERENCES `pais` (`id`),
  ADD CONSTRAINT `fk_pasajero_persona` FOREIGN KEY (`idPersona`) REFERENCES `persona` (`idPersona`) ON DELETE CASCADE ON UPDATE CASCADE;

--
-- Filtros para la tabla `persona`
--
ALTER TABLE `persona`
  ADD CONSTRAINT `fk_persona_direccion` FOREIGN KEY (`idDireccion`) REFERENCES `direccion` (`idDireccion`);

--
-- Filtros para la tabla `responsabledepago`
--
ALTER TABLE `responsabledepago`
  ADD CONSTRAINT `fk_responsable_persona` FOREIGN KEY (`idPersona`) REFERENCES `persona` (`idPersona`);

--
-- Filtros para la tabla `sauna`
--
ALTER TABLE `sauna`
  ADD CONSTRAINT `fk_sauna_servicio` FOREIGN KEY (`idServicio`) REFERENCES `servicio` (`idServicio`);

--
-- Filtros para la tabla `servicio`
--
ALTER TABLE `servicio`
  ADD CONSTRAINT `fk_servicio_estadia` FOREIGN KEY (`idEstadia`) REFERENCES `estadia` (`id`);
COMMIT;

/*!40101 SET CHARACTER_SET_CLIENT=@OLD_CHARACTER_SET_CLIENT */;
/*!40101 SET CHARACTER_SET_RESULTS=@OLD_CHARACTER_SET_RESULTS */;
/*!40101 SET COLLATION_CONNECTION=@OLD_COLLATION_CONNECTION */;
